id	sentence_number	token_number	token_text	token_lemma	token_pos	token_entity
1	1	1	Your	your	PRON	
1	1	2	browser	browser	NOUN	
1	1	3	has	have	AUX	
1	1	4	javascript	javascript	NOUN	
1	1	5	turned	turn	VERB	
1	1	6	off	off	ADP	
1	1	7	or	or	CCONJ	
1	1	8	blocked	block	VERB	
1	1	9	.	.	PUNCT	
1	2	1	This	this	PRON	
1	2	2	will	will	AUX	
1	2	3	lead	lead	VERB	
1	2	4	to	to	ADP	
1	2	5	some	some	DET	
1	2	6	"
"	"
"	SPACE	
1	2	7	parts	part	NOUN	
1	2	8	of	of	ADP	
1	2	9	our	our	PRON	
1	2	10	website	website	NOUN	
1	2	11	to	to	PART	
1	2	12	not	not	PART	
1	2	13	work	work	VERB	
1	2	14	properly	properly	ADV	
1	2	15	or	or	CCONJ	
1	2	16	at	at	ADV	
1	2	17	all	all	ADV	
1	2	18	.	.	PUNCT	
1	3	1	Turn	turn	VERB	
1	3	2	on	on	ADP	
1	3	3	javascript	javascript	NOUN	
1	3	4	for	for	ADP	
1	3	5	"
"	"
"	SPACE	
1	3	6	best	good	ADJ	
1	3	7	performance	performance	NOUN	
1	3	8	.	.	PUNCT	
1	4	1	The	the	DET	
1	4	2	browser	browser	NOUN	
1	4	3	you	you	PRON	
1	4	4	are	be	AUX	
1	4	5	using	use	VERB	
1	4	6	is	be	AUX	
1	4	7	not	not	PART	
1	4	8	supported	support	VERB	
1	4	9	by	by	ADP	
1	4	10	this	this	DET	
1	4	11	website	website	NOUN	
1	4	12	.	.	PUNCT	
1	5	1	All	all	DET	
1	5	2	versions	version	NOUN	
1	5	3	of	of	ADP	
1	5	4	"
"	"
"	SPACE	
1	5	5	Internet	Internet	PROPN	
1	5	6	Explorer	Explorer	PROPN	
1	5	7	are	be	AUX	
1	5	8	no	no	ADV	
1	5	9	longer	long	ADV	
1	5	10	supported	support	VERB	
1	5	11	,	,	PUNCT	
1	5	12	either	either	CCONJ	
1	5	13	by	by	ADP	
1	5	14	us	we	PRON	
1	5	15	or	or	CCONJ	
1	5	16	Microsoft	Microsoft	PROPN	ORG
1	5	17	(	(	PUNCT	
1	5	18	read	read	VERB	
1	5	19	"
"	"
"	SPACE	
1	5	20	more	more	ADJ	
1	5	21	here	here	ADV	
1	5	22	:	:	PUNCT	
1	5	23	<	<	X	
1	5	24	https://www.microsoft.com/en-us/microsoft-365/windows/end-of-ie-	https://www.microsoft.com/en-us/microsoft-365/windows/end-of-ie-	NOUN	
1	5	25	"
"	"
"	SPACE	
1	5	26	support	support	NOUN	
1	5	27	>	>	X	
1	5	28	)	)	PUNCT	
1	5	29	.	.	PUNCT	
1	6	1	Please	please	INTJ	
1	6	2	use	use	VERB	
1	6	3	a	a	DET	
1	6	4	modern	modern	ADJ	
1	6	5	browser	browser	NOUN	
1	6	6	to	to	PART	
1	6	7	fully	fully	ADV	
1	6	8	experience	experience	VERB	
1	6	9	our	our	PRON	
1	6	10	website	website	NOUN	
1	6	11	,	,	PUNCT	
1	6	12	such	such	ADJ	
1	6	13	as	as	ADP	
1	6	14	the	the	DET	
1	6	15	"
"	"
"	SPACE	
1	6	16	newest	new	ADJ	
1	6	17	versions	version	NOUN	
1	6	18	of	of	ADP	
1	6	19	Edge	Edge	PROPN	ORG
1	6	20	,	,	PUNCT	
1	6	21	Chrome	Chrome	PROPN	PERSON
1	6	22	,	,	PUNCT	
1	6	23	Firefox	Firefox	PROPN	PERSON
1	6	24	or	or	CCONJ	
1	6	25	Safari	Safari	PROPN	PERSON
1	6	26	etc	etc	X	
1	6	27	.	.	X	
1	6	28	"

"	"

"	SPACE	
1	6	29	#	#	NOUN	
1	6	30	 	 	SPACE	
1	6	31	Sustainability	sustainability	NOUN	
1	6	32	"

"	"

"	SPACE	
1	6	33	One	one	NUM	CARDINAL
1	6	34	of	of	ADP	
1	6	35	the	the	DET	
1	6	36	most	most	ADV	
1	6	37	sustainable	sustainable	ADJ	
1	6	38	universities	university	NOUN	
1	6	39	in	in	ADP	
1	6	40	the	the	DET	
1	6	41	world	world	NOUN	
1	6	42	"

"	"

"	SPACE	
1	6	43	[	[	PUNCT	
1	6	44	_	_	NOUN	
1	6	45	_	_	PUNCT	
1	7	1	På	på	NOUN	
1	7	2	svenska](https://www.lu.se	svenska](https://www.lu.se	NOUN	
1	7	3	/	/	SYM	
1	7	4	om	om	NOUN	
1	7	5	-	-	PUNCT	
1	7	6	universitetet	universitetet	NOUN	
1	7	7	/	/	SYM	
1	7	8	vision	vision	NOUN	
1	7	9	-	-	PUNCT	
1	7	10	mal	mal	ADJ	
1	7	11	-	-	PUNCT	
1	7	12	och-	och-	NOUN	
1	7	13	"
"	"
"	SPACE	
1	7	14	strategier	strategi	ADJ	
1	7	15	/	/	SYM	
1	7	16	hallbarhet	hallbarhet	NOUN	
1	7	17	)	)	PUNCT	
1	7	18	"

"	"

"	SPACE	
1	7	19	!	!	PUNCT	
1	8	1	[	[	X	
1	8	2	Children	child	NOUN	
1	8	3	on	on	ADP	
1	8	4	meadow	meadow	NOUN	
1	8	5	in	in	ADP	
1	8	6	Vintrie	Vintrie	PROPN	GPE
1	8	7	.	.	PUNCT	
1	9	1	Photo	photo	NOUN	
1	9	2	:	:	PUNCT	
1	9	3	Patrik	Patrik	PROPN	
1	9	4	"
"	"
"	SPACE	
1	9	5	Hekkala.](/sites	Hekkala.](/sites	PROPN	
1	9	6	/	/	SYM	
1	9	7	www.lunduniversity.lu.se	www.lunduniversity.lu.se	ADJ	
1	9	8	/	/	SYM	
1	9	9	files	file	NOUN	
1	9	10	/	/	SYM	
1	9	11	styles	style	NOUN	
1	9	12	/	/	SYM	
1	9	13	lu_original_ratio_full_width_desktop	lu_original_ratio_full_width_desktop	NOUN	
1	9	14	/	/	SYM	
1	9	15	public/2022	public/2022	NOUN	
1	9	16	-	-	PUNCT	
1	9	17	06	06	NUM	
1	9	18	/	/	SYM	
1	9	19	vintrie_1_3000x1500.jpg.webp?itok	vintrie_1_3000x1500.jpg.webp?itok	ADJ	
1	9	20	=	=	NOUN	
1	9	21	lCx_AJT8	lcx_ajt8	NOUN	
1	9	22	)	)	PUNCT	
1	10	1	Ranked	rank	VERB	
1	10	2	8th	8th	NOUN	ORDINAL
1	10	3	in	in	ADP	
1	10	4	the	the	DET	
1	10	5	world	world	NOUN	
1	10	6	in	in	ADP	
1	10	7	the	the	DET	ORG
1	10	8	QS	QS	PROPN	ORG
1	10	9	Sustainability	Sustainability	PROPN	ORG
1	10	10	Rankings	Rankings	PROPN	ORG
1	10	11	2024	2024	NUM	DATE
1	10	12	,	,	PUNCT	
1	10	13	Lund	Lund	PROPN	ORG
1	10	14	"
"	"
"	SPACE	ORG
1	10	15	University	University	PROPN	ORG
1	10	16	is	be	AUX	
1	10	17	a	a	DET	
1	10	18	global	global	ADJ	
1	10	19	leader	leader	NOUN	
1	10	20	in	in	ADP	
1	10	21	sustainability	sustainability	NOUN	
1	10	22	in	in	ADP	
1	10	23	higher	high	ADJ	
1	10	24	education	education	NOUN	
1	10	25	.	.	PUNCT	
1	11	1	This	this	PRON	
1	11	2	"
"	"
"	SPACE	
1	11	3	encourages	encourage	VERB	
1	11	4	us	we	PRON	
1	11	5	to	to	PART	
1	11	6	continue	continue	VERB	
1	11	7	leading	lead	VERB	
1	11	8	the	the	DET	
1	11	9	way	way	NOUN	
1	11	10	towards	towards	ADP	
1	11	11	a	a	DET	
1	11	12	sustainable	sustainable	ADJ	
1	11	13	society	society	NOUN	
1	11	14	in	in	ADP	
1	11	15	our	our	PRON	
1	11	16	"
"	"
"	SPACE	
1	11	17	research	research	NOUN	
1	11	18	,	,	PUNCT	
1	11	19	education	education	NOUN	
1	11	20	and	and	CCONJ	
1	11	21	everyday	everyday	ADJ	
1	11	22	life	life	NOUN	
1	11	23	.	.	PUNCT	
1	12	1	#	#	SYM	MONEY
1	12	2	#	#	NOUN	MONEY
1	12	3	 	 	SPACE	MONEY
1	12	4	Lund	Lund	PROPN	MONEY
1	12	5	University	University	PROPN	MONEY
1	12	6	climbs	climb	VERB	
1	12	7	in	in	ADP	
1	12	8	global	global	ADJ	
1	12	9	ranking	ranking	NOUN	
1	12	10	,	,	PUNCT	
1	12	11	wins	win	VERB	
1	12	12	sustainability	sustainability	NOUN	
1	12	13	award	award	NOUN	
1	12	14	"

"	"

"	SPACE	
1	12	15	14	14	NUM	DATE
1	12	16	June	June	PROPN	DATE
1	12	17	2024	2024	NUM	DATE
1	12	18	|	|	NOUN	
1	12	19	Lund	Lund	PROPN	ORG
1	12	20	University	University	PROPN	ORG
1	12	21	has	have	AUX	
1	12	22	risen	rise	VERB	
1	12	23	to	to	ADP	
1	12	24	75th	75th	ADJ	ORDINAL
1	12	25	place	place	NOUN	
1	12	26	in	in	ADP	
1	12	27	the	the	DET	
1	12	28	prestigious	prestigious	ADJ	
1	12	29	QS	QS	PROPN	ORG
1	12	30	annual	annual	ADJ	DATE
1	12	31	ranking	ranking	NOUN	
1	12	32	.	.	PUNCT	
1	13	1	In	in	ADP	
1	13	2	addition	addition	NOUN	
1	13	3	,	,	PUNCT	
1	13	4	the	the	DET	
1	13	5	University	University	PROPN	ORG
1	13	6	has	have	AUX	
1	13	7	been	be	AUX	
1	13	8	awarded	award	VERB	
1	13	9	the	the	DET	ORG
1	13	10	QS	QS	PROPN	ORG
1	13	11	Sustainability	Sustainability	PROPN	ORG
1	13	12	Champions	Champions	PROPN	ORG
1	13	13	Award	Award	PROPN	ORG
1	13	14	.	.	PUNCT	
1	14	1	[	[	X	
1	14	2	Read	read	VERB	
1	14	3	the	the	DET	
1	14	4	full	full	ADJ	
1	14	5	news	news	NOUN	
1	14	6	article](/article	article](/article	NOUN	
1	14	7	/	/	SYM	
1	14	8	lund	lund	NOUN	
1	14	9	-	-	PUNCT	
1	14	10	university	university	NOUN	
1	14	11	-	-	PUNCT	
1	14	12	climbs	climbs	ADJ	
1	14	13	-	-	PUNCT	
1	14	14	global	global	ADJ	
1	14	15	-	-	PUNCT	
1	14	16	ranking-	ranking-	NOUN	
1	14	17	"
"	"
"	SPACE	
1	14	18	wins	win	NOUN	
1	14	19	-	-	PUNCT	
1	14	20	sustainability	sustainability	NOUN	
1	14	21	-	-	PUNCT	
1	14	22	award	award	NOUN	
1	14	23	)	)	PUNCT	
1	14	24	"

"	"

"	SPACE	
1	14	25	Sustainability	Sustainability	PROPN	ORG
1	14	26	is	be	AUX	
1	14	27	a	a	DET	
1	14	28	complex	complex	ADJ	
1	14	29	area	area	NOUN	
1	14	30	that	that	PRON	
1	14	31	requires	require	VERB	
1	14	32	interdisciplinary	interdisciplinary	ADJ	
1	14	33	research	research	NOUN	
1	14	34	,	,	PUNCT	
1	14	35	"
"	"
"	SPACE	
1	14	36	education	education	NOUN	
1	14	37	and	and	CCONJ	
1	14	38	external	external	ADJ	
1	14	39	engagement	engagement	NOUN	
1	14	40	.	.	PUNCT	
1	15	1	The	the	DET	
1	15	2	University	University	PROPN	ORG
1	15	3	offers	offer	VERB	
1	15	4	a	a	DET	
1	15	5	range	range	NOUN	
1	15	6	of	of	ADP	
1	15	7	courses	course	NOUN	
1	15	8	"
"	"
"	SPACE	
1	15	9	and	and	CCONJ	
1	15	10	programmes	programme	NOUN	
1	15	11	,	,	PUNCT	
1	15	12	and	and	CCONJ	
1	15	13	is	be	AUX	
1	15	14	part	part	NOUN	
1	15	15	of	of	ADP	
1	15	16	networks	network	NOUN	
1	15	17	and	and	CCONJ	
1	15	18	collaborations	collaboration	NOUN	
1	15	19	linked	link	VERB	
1	15	20	to	to	ADP	
1	15	21	the	the	DET	
1	15	22	"
"	"
"	SPACE	
1	15	23	sustainability	sustainability	NOUN	
1	15	24	goals	goal	NOUN	
1	15	25	outlined	outline	VERB	
1	15	26	in	in	ADP	
1	15	27	the	the	DET	
1	15	28	2030	2030	NUM	
1	15	29	Agenda	Agenda	PROPN	
1	15	30	.	.	PUNCT	
1	16	1	[	[	X	
1	16	2	Lund	Lund	PROPN	ORG
1	16	3	University	University	PROPN	ORG
1	16	4	ranks	rank	VERB	
1	16	5	in	in	ADP	
1	16	6	top	top	ADJ	
1	16	7	10	10	NUM	CARDINAL
1	16	8	in	in	ADP	
1	16	9	global	global	ADJ	
1	16	10	sustainability	sustainability	NOUN	
1	16	11	ranking	rank	VERB	
1	16	12	(	(	PUNCT	
1	16	13	5	5	NUM	DATE
1	16	14	December	December	PROPN	DATE
1	16	15	"
"	"
"	SPACE	DATE
1	16	16	2023)](/article	2023)](/article	PROPN	DATE
1	16	17	/	/	SYM	
1	16	18	lund	lund	NOUN	
1	16	19	-	-	PUNCT	
1	16	20	university	university	NOUN	
1	16	21	-	-	PUNCT	
1	16	22	ranks	rank	NOUN	
1	16	23	-	-	PUNCT	
1	16	24	top-10	top-10	ADJ	
1	16	25	-	-	ADJ	
1	16	26	global	global	ADJ	
1	16	27	-	-	PUNCT	
1	16	28	sustainability	sustainability	NOUN	
1	16	29	-	-	PUNCT	
1	16	30	ranking	ranking	NOUN	
1	16	31	)	)	PUNCT	
1	17	1	[	[	X	
1	17	2	Global	global	ADJ	
1	17	3	goals	goal	NOUN	
1	17	4	for	for	ADP	
1	17	5	sustainable	sustainable	ADJ	
1	17	6	development	development	NOUN	
1	17	7	–	–	PUNCT	
1	17	8	"
"	"
"	SPACE	
1	17	9	globalgoals.org](https://www.globalgoals.org/	globalgoals.org](https://www.globalgoals.org/	PROPN	
1	17	10	)	)	PUNCT	
1	17	11	"

"	"

"	SPACE	
1	17	12	#	#	SYM	MONEY
1	17	13	#	#	NOUN	MONEY
1	17	14	Education	education	NOUN	MONEY
1	17	15	"

"	"

"	SPACE	
1	17	16	Our	our	PRON	
1	17	17	courses	course	NOUN	
1	17	18	and	and	CCONJ	
1	17	19	programmes	programme	NOUN	
1	17	20	offer	offer	VERB	
1	17	21	students	student	NOUN	
1	17	22	diverse	diverse	ADJ	
1	17	23	perspectives	perspective	NOUN	
1	17	24	on	on	ADP	
1	17	25	sustainable	sustainable	ADJ	
1	17	26	"
"	"
"	SPACE	
1	17	27	development	development	NOUN	
1	17	28	across	across	ADP	
1	17	29	a	a	DET	
1	17	30	range	range	NOUN	
1	17	31	of	of	ADP	
1	17	32	disciplines	discipline	NOUN	
1	17	33	.	.	PUNCT	
1	18	1	From	from	ADP	
1	18	2	Bachelor	Bachelor	PROPN	ORG
1	18	3	's	's	PART	
1	18	4	to	to	ADP	
1	18	5	Master	Master	PROPN	
1	18	6	's	's	PART	
1	18	7	and	and	CCONJ	
1	18	8	"
"	"
"	SPACE	
1	18	9	doctoral	doctoral	ADJ	
1	18	10	levels	level	NOUN	
1	18	11	,	,	PUNCT	
1	18	12	as	as	ADV	
1	18	13	well	well	ADV	
1	18	14	as	as	ADP	
1	18	15	through	through	ADP	
1	18	16	professional	professional	ADJ	
1	18	17	development	development	NOUN	
1	18	18	,	,	PUNCT	
1	18	19	students	student	NOUN	
1	18	20	gain	gain	VERB	
1	18	21	a	a	DET	
1	18	22	"
"	"
"	SPACE	
1	18	23	deep	deep	ADJ	
1	18	24	understanding	understanding	NOUN	
1	18	25	of	of	ADP	
1	18	26	sustainability	sustainability	NOUN	
1	18	27	.	.	PUNCT	
1	19	1	This	this	DET	
1	19	2	knowledge	knowledge	NOUN	
1	19	3	becomes	become	VERB	
1	19	4	the	the	DET	
1	19	5	foundation	foundation	NOUN	
1	19	6	of	of	ADP	
1	19	7	"
"	"
"	SPACE	
1	19	8	their	their	PRON	
1	19	9	careers	career	NOUN	
1	19	10	,	,	PUNCT	
1	19	11	enabling	enable	VERB	
1	19	12	them	they	PRON	
1	19	13	to	to	PART	
1	19	14	pioneer	pioneer	VERB	
1	19	15	solutions	solution	NOUN	
1	19	16	for	for	ADP	
1	19	17	a	a	DET	
1	19	18	sustainable	sustainable	ADJ	
1	19	19	future	future	NOUN	
1	19	20	.	.	PUNCT	
1	20	1	We	we	PRON	
1	20	2	offer	offer	VERB	
1	20	3	the	the	DET	
1	20	4	following	follow	VERB	
1	20	5	programmes	programme	NOUN	
1	20	6	and	and	CCONJ	
1	20	7	courses	course	NOUN	
1	20	8	in	in	ADP	
1	20	9	the	the	DET	
1	20	10	area	area	NOUN	
1	20	11	of	of	ADP	
1	20	12	sustainability	sustainability	NOUN	
1	20	13	:	:	PUNCT	
1	20	14	"

"	"

"	SPACE	
1	20	15	#	#	SYM	MONEY
1	20	16	#	#	NOUN	MONEY
1	20	17	 	 	SPACE	
1	20	18	All	all	DET	
1	20	19	sustainability	sustainability	NOUN	
1	20	20	-	-	PUNCT	
1	20	21	related	relate	VERB	
1	20	22	education	education	NOUN	
1	20	23	at	at	ADP	
1	20	24	Bachelor	Bachelor	PROPN	ORG
1	20	25	's	's	PART	
1	20	26	and	and	CCONJ	
1	20	27	Master	Master	PROPN	
1	20	28	's	's	PART	
1	20	29	level	level	NOUN	
1	20	30	_	_	PUNCT	
1	20	31	_	_	PUNCT	
1	20	32	_	_	PUNCT	
1	20	33	_	_	PUNCT	
1	21	1	While	while	SCONJ	
1	21	2	sustainability	sustainability	NOUN	
1	21	3	is	be	AUX	
1	21	4	embedded	embed	VERB	
1	21	5	in	in	ADP	
1	21	6	the	the	DET	
1	21	7	curriculum	curriculum	NOUN	
1	21	8	of	of	ADP	
1	21	9	all	all	DET	
1	21	10	our	our	PRON	
1	21	11	courses	course	NOUN	
1	21	12	,	,	PUNCT	
1	21	13	many	many	ADJ	
1	21	14	of	of	ADP	
1	21	15	"
"	"
"	SPACE	
1	21	16	our	our	PRON	
1	21	17	courses	course	NOUN	
1	21	18	and	and	CCONJ	
1	21	19	degree	degree	NOUN	
1	21	20	programmes	programme	NOUN	
1	21	21	have	have	VERB	
1	21	22	a	a	DET	
1	21	23	more	more	ADV	
1	21	24	specific	specific	ADJ	
1	21	25	focus	focus	NOUN	
1	21	26	.	.	PUNCT	
1	22	1	The	the	DET	
1	22	2	following	following	ADJ	
1	22	3	"
"	"
"	SPACE	
1	22	4	page	page	NOUN	
1	22	5	provides	provide	VERB	
1	22	6	an	an	DET	
1	22	7	overview	overview	NOUN	
1	22	8	of	of	ADP	
1	22	9	courses	course	NOUN	
1	22	10	and	and	CCONJ	
1	22	11	degree	degree	NOUN	
1	22	12	programmes	programme	NOUN	
1	22	13	related	relate	VERB	
1	22	14	to	to	ADP	
1	22	15	"
"	"
"	SPACE	
1	22	16	environmental	environmental	ADJ	
1	22	17	or	or	CCONJ	
1	22	18	social	social	ADJ	
1	22	19	sustainability	sustainability	NOUN	
1	22	20	.	.	PUNCT	
1	23	1	[	[	X	
1	23	2	Sustainability	sustainability	NOUN	
1	23	3	education	education	NOUN	
1	23	4	at	at	ADP	
1	23	5	Lund	Lund	PROPN	ORG
1	23	6	University](/about	University](/about	PROPN	ORG
1	23	7	-	-	PUNCT	ORG
1	23	8	university	university	NOUN	ORG
1	23	9	/	/	SYM	
1	23	10	university-	university-	NOUN	
1	23	11	"
"	"
"	SPACE	
1	23	12	glance	glance	NOUN	
1	23	13	/	/	SYM	
1	23	14	mission	mission	NOUN	
1	23	15	-	-	PUNCT	
1	23	16	vision	vision	NOUN	
1	23	17	-	-	PUNCT	
1	23	18	and	and	CCONJ	
1	23	19	-	-	PUNCT	
1	23	20	values	value	NOUN	
1	23	21	/	/	SYM	
1	23	22	sustainability	sustainability	NOUN	
1	23	23	/	/	SYM	
1	23	24	sustainability	sustainability	NOUN	
1	23	25	-	-	PUNCT	
1	23	26	education	education	NOUN	
1	23	27	-	-	PUNCT	
1	23	28	lund-	lund-	NOUN	
1	23	29	"
"	"
"	SPACE	
1	23	30	university	university	NOUN	
1	23	31	)	)	PUNCT	
1	23	32	"

"	"

"	SPACE	
1	23	33	#	#	SYM	MONEY
1	23	34	#	#	SYM	MONEY
1	23	35	#	#	NOUN	MONEY
1	23	36	 	 	SPACE	MONEY
1	23	37	International	International	PROPN	MONEY
1	23	38	Master	Master	PROPN	MONEY
1	23	39	's	's	PART	MONEY
1	23	40	programmes	programme	NOUN	
1	23	41	in	in	ADP	
1	23	42	environmental	environmental	ADJ	
1	23	43	sustainability	sustainability	NOUN	
1	23	44	_	_	PUNCT	
1	23	45	_	_	PUNCT	
1	23	46	_	_	PUNCT	
1	23	47	_	_	PUNCT	
1	24	1	We	we	PRON	
1	24	2	offer	offer	VERB	
1	24	3	three	three	NUM	CARDINAL
1	24	4	international	international	ADJ	
1	24	5	Master	Master	PROPN	
1	24	6	's	's	PART	
1	24	7	programmes	programme	NOUN	
1	24	8	in	in	ADP	
1	24	9	the	the	DET	
1	24	10	field	field	NOUN	
1	24	11	of	of	ADP	
1	24	12	environment	environment	NOUN	
1	24	13	"
"	"
"	SPACE	
1	24	14	and	and	CCONJ	
1	24	15	sustainability	sustainability	NOUN	
1	24	16	.	.	PUNCT	
1	25	1	There	there	PRON	
1	25	2	are	be	VERB	
1	25	3	also	also	ADV	
1	25	4	several	several	ADJ	
1	25	5	Master	Master	PROPN	
1	25	6	's	's	PART	
1	25	7	programmes	programme	NOUN	
1	25	8	in	in	ADP	
1	25	9	other	other	ADJ	
1	25	10	"
"	"
"	SPACE	
1	25	11	subject	subject	ADJ	
1	25	12	areas	area	NOUN	
1	25	13	with	with	ADP	
1	25	14	a	a	DET	
1	25	15	strong	strong	ADJ	
1	25	16	sustainability	sustainability	NOUN	
1	25	17	focus	focus	NOUN	
1	25	18	.	.	PUNCT	
1	26	1	[	[	X	
1	26	2	Master	Master	PROPN	
1	26	3	's	's	PART	
1	26	4	programmes	programme	NOUN	
1	26	5	in	in	ADP	
1	26	6	environment	environment	NOUN	
1	26	7	and	and	CCONJ	
1	26	8	sustainability](/admissions	sustainability](/admission	NOUN	
1	26	9	/	/	SYM	
1	26	10	bachelors-	bachelors-	NOUN	
1	26	11	"
"	"
"	SPACE	
1	26	12	and	and	CCONJ	
1	26	13	-	-	PUNCT	
1	26	14	masters	master	NOUN	
1	26	15	-	-	PUNCT	
1	26	16	studies	study	NOUN	
1	26	17	/	/	SYM	
1	26	18	subject	subject	NOUN	
1	26	19	-	-	PUNCT	
1	26	20	areas	area	NOUN	
1	26	21	/	/	SYM	
1	26	22	environment	environment	NOUN	
1	26	23	-	-	PUNCT	
1	26	24	and	and	CCONJ	
1	26	25	-	-	PUNCT	
1	26	26	sustainability	sustainability	NOUN	
1	26	27	)	)	PUNCT	
1	26	28	"

"	"

"	SPACE	
1	26	29	Bachelor	Bachelor	PROPN	ORG
1	26	30	's	's	PART	
1	26	31	programmes	programme	NOUN	
1	26	32	in	in	ADP	
1	26	33	this	this	DET	
1	26	34	field	field	NOUN	
1	26	35	are	be	AUX	
1	26	36	currently	currently	ADV	
1	26	37	only	only	ADV	
1	26	38	available	available	ADJ	
1	26	39	in	in	ADP	
1	26	40	Swedish	Swedish	PROPN	NORP
1	26	41	.	.	PUNCT	
1	27	1	#	#	SYM	
1	27	2	#	#	NOUN	
1	27	3	 	 	SPACE	
1	27	4	MOOCs	MOOCs	PROPN	WORK_OF_ART
1	27	5	_	_	PROPN	
1	27	6	_	_	PUNCT	
1	27	7	_	_	PUNCT	
1	27	8	_	_	PUNCT	
1	28	1	We	we	PRON	
1	28	2	offer	offer	VERB	
1	28	3	several	several	ADJ	
1	28	4	specialised	specialised	ADJ	
1	28	5	MOOCs	MOOCs	PROPN	
1	28	6	in	in	ADP	
1	28	7	the	the	DET	
1	28	8	field	field	NOUN	
1	28	9	of	of	ADP	
1	28	10	sustainability	sustainability	NOUN	
1	28	11	.	.	PUNCT	
1	29	1	[	[	X	
1	29	2	MOOCs](/admissions	moocs](/admission	NOUN	
1	29	3	/	/	SYM	
1	29	4	distance	distance	NOUN	
1	29	5	-	-	PUNCT	
1	29	6	learning	learning	NOUN	
1	29	7	/	/	SYM	
1	29	8	moocs	moocs	PROPN	
1	29	9	)	)	PUNCT	
1	29	10	"

"	"

"	SPACE	
1	29	11	#	#	SYM	MONEY
1	29	12	#	#	SYM	MONEY
1	29	13	#	#	NOUN	MONEY
1	29	14	 	 	SPACE	MONEY
1	29	15	Capacity	capacity	NOUN	MONEY
1	29	16	building	building	NOUN	
1	29	17	programmes	programme	NOUN	
1	29	18	(	(	PUNCT	
1	29	19	professional	professional	ADJ	
1	29	20	education	education	NOUN	
1	29	21	)	)	PUNCT	
1	29	22	_	_	PUNCT	
1	29	23	_	_	PUNCT	
1	29	24	_	_	PUNCT	
1	29	25	_	_	PUNCT	
1	29	26	"

"	"

"	SPACE	
1	29	27	Lund	Lund	PROPN	ORG
1	29	28	University	University	PROPN	ORG
1	29	29	Commissioned	Commissioned	PROPN	ORG
1	29	30	Education	Education	PROPN	ORG
1	29	31	currently	currently	ADV	
1	29	32	offers	offer	VERB	
1	29	33	the	the	DET	
1	29	34	following	follow	VERB	
1	29	35	courses	course	NOUN	
1	29	36	"
"	"
"	SPACE	
1	29	37	in	in	ADP	
1	29	38	and	and	CCONJ	
1	29	39	related	relate	VERB	
1	29	40	to	to	ADP	
1	29	41	sustainable	sustainable	ADJ	
1	29	42	development	development	NOUN	
1	29	43	:	:	PUNCT	
1	30	1	[	[	X	
1	30	2	Innovation	innovation	NOUN	
1	30	3	,	,	PUNCT	
1	30	4	transformation	transformation	NOUN	
1	30	5	and	and	CCONJ	
1	30	6	resilience	resilience	NOUN	
1	30	7	for	for	ADP	
1	30	8	sustainable	sustainable	ADJ	
1	30	9	"
"	"
"	SPACE	
1	30	10	development](/admissions	development](/admission	NOUN	
1	30	11	/	/	SYM	
1	30	12	professional	professional	ADJ	
1	30	13	-	-	PUNCT	
1	30	14	education	education	NOUN	
1	30	15	/	/	SYM	
1	30	16	capacity	capacity	NOUN	
1	30	17	-	-	PUNCT	
1	30	18	building-	building-	ADJ	
1	30	19	"
"	"
"	SPACE	
1	30	20	programmes	programme	NOUN	
1	30	21	/	/	SYM	
1	30	22	innovation	innovation	NOUN	
1	30	23	-	-	PUNCT	
1	30	24	transformation	transformation	NOUN	
1	30	25	-	-	PUNCT	
1	30	26	and	and	CCONJ	
1	30	27	-	-	PUNCT	
1	30	28	resilience	resilience	NOUN	
1	30	29	-	-	PUNCT	
1	30	30	sustainable	sustainable	ADJ	
1	30	31	-	-	PUNCT	
1	30	32	development	development	NOUN	
1	30	33	)	)	PUNCT	
1	31	1	[	[	X	
1	31	2	Innovation	innovation	NOUN	
1	31	3	in	in	ADP	
1	31	4	the	the	DET	
1	31	5	Public	Public	PROPN	
1	31	6	Sector](/admissions	Sector](/admissions	PROPN	
1	31	7	/	/	SYM	
1	31	8	professional	professional	ADJ	
1	31	9	-	-	PUNCT	
1	31	10	education	education	NOUN	
1	31	11	/	/	SYM	
1	31	12	capacity-	capacity-	NOUN	
1	31	13	"
"	"
"	SPACE	
1	31	14	building	building	NOUN	
1	31	15	-	-	PUNCT	
1	31	16	programmes	programme	NOUN	
1	31	17	/	/	SYM	
1	31	18	innovation	innovation	NOUN	
1	31	19	-	-	PUNCT	
1	31	20	public	public	ADJ	
1	31	21	-	-	PUNCT	
1	31	22	sector	sector	NOUN	
1	31	23	)	)	PUNCT	
1	31	24	"

"	"

"	SPACE	
1	31	25	#	#	SYM	MONEY
1	31	26	#	#	SYM	MONEY
1	31	27	#	#	NOUN	MONEY
1	31	28	 	 	SPACE	MONEY
1	31	29	Postgraduate	Postgraduate	PROPN	MONEY
1	31	30	schools	school	NOUN	
1	31	31	_	_	PUNCT	
1	31	32	_	_	PUNCT	
1	31	33	_	_	PUNCT	
1	31	34	_	_	PUNCT	
1	32	1	We	we	PRON	
1	32	2	have	have	VERB	
1	32	3	four	four	NUM	CARDINAL
1	32	4	postgraduate	postgraduate	NOUN	
1	32	5	schools	school	NOUN	
1	32	6	with	with	ADP	
1	32	7	a	a	DET	
1	32	8	focus	focus	NOUN	
1	32	9	on	on	ADP	
1	32	10	sustainability	sustainability	NOUN	
1	32	11	.	.	PUNCT	
1	33	1	[	[	X	
1	33	2	Postgraduate	postgraduate	NOUN	
1	33	3	schools](/research	schools](/research	NOUN	
1	33	4	-	-	PUNCT	
1	33	5	and	and	CCONJ	
1	33	6	-	-	PUNCT	
1	33	7	innovation	innovation	NOUN	
1	33	8	/	/	SYM	
1	33	9	postgraduate	postgraduate	NOUN	
1	33	10	-	-	PUNCT	
1	33	11	research	research	NOUN	
1	33	12	-	-	PUNCT	
1	33	13	schools	school	NOUN	
1	33	14	)	)	PUNCT	
1	33	15	"

"	"

"	SPACE	
1	33	16	#	#	SYM	MONEY
1	33	17	#	#	NOUN	MONEY
1	33	18	Research	research	NOUN	MONEY
1	33	19	"

"	"

"	SPACE	
1	33	20	We	we	PRON	
1	33	21	are	be	AUX	
1	33	22	constantly	constantly	ADV	
1	33	23	generating	generate	VERB	
1	33	24	new	new	ADJ	
1	33	25	scientific	scientific	ADJ	
1	33	26	knowledge	knowledge	NOUN	
1	33	27	that	that	PRON	
1	33	28	challenges	challenge	VERB	
1	33	29	and	and	CCONJ	
1	33	30	"
"	"
"	SPACE	
1	33	31	deepens	deepen	VERB	
1	33	32	our	our	PRON	
1	33	33	understanding	understanding	NOUN	
1	33	34	of	of	ADP	
1	33	35	sustainable	sustainable	ADJ	
1	33	36	development	development	NOUN	
1	33	37	.	.	PUNCT	
1	34	1	Interdisciplinary	interdisciplinary	ADJ	
1	34	2	,	,	PUNCT	
1	34	3	"
"	"
"	SPACE	
1	34	4	problem	problem	NOUN	
1	34	5	-	-	PUNCT	
1	34	6	oriented	orient	VERB	
1	34	7	and	and	CCONJ	
1	34	8	curiosity	curiosity	NOUN	
1	34	9	-	-	PUNCT	
1	34	10	driven	drive	VERB	
1	34	11	research	research	NOUN	
1	34	12	is	be	AUX	
1	34	13	needed	need	VERB	
1	34	14	to	to	PART	
1	34	15	strengthen	strengthen	VERB	
1	34	16	the	the	DET	
1	34	17	"
"	"
"	SPACE	
1	34	18	necessary	necessary	ADJ	
1	34	19	knowledge	knowledge	NOUN	
1	34	20	base	base	NOUN	
1	34	21	and	and	CCONJ	
1	34	22	solve	solve	VERB	
1	34	23	current	current	ADJ	
1	34	24	and	and	CCONJ	
1	34	25	future	future	ADJ	
1	34	26	sustainability	sustainability	NOUN	
1	34	27	"
"	"
"	SPACE	
1	34	28	challenges	challenge	NOUN	
1	34	29	.	.	PUNCT	
1	35	1	[	[	PUNCT	
1	35	2	Sustainable	sustainable	ADJ	
1	35	3	planet	planet	NOUN	
1	35	4	–	–	PUNCT	
1	35	5	research	research	NOUN	
1	35	6	that	that	PRON	
1	35	7	addresses	address	VERB	
1	35	8	environmental	environmental	ADJ	
1	35	9	and	and	CCONJ	
1	35	10	sustainability	sustainability	NOUN	
1	35	11	"
"	"
"	SPACE	
1	35	12	challenges](/research	challenges](/research	NOUN	
1	35	13	-	-	PUNCT	
1	35	14	and	and	CCONJ	
1	35	15	-	-	PUNCT	
1	35	16	innovation	innovation	NOUN	
1	35	17	/	/	SYM	
1	35	18	research	research	NOUN	
1	35	19	-	-	PUNCT	
1	35	20	excellence	excellence	NOUN	
1	35	21	-	-	PUNCT	
1	35	22	areas	area	NOUN	
1	35	23	/	/	SYM	
1	35	24	sustainable-	sustainable-	ADJ	
1	35	25	"
"	"
"	SPACE	
1	35	26	planet	planet	NOUN	
1	35	27	)	)	PUNCT	
1	36	1	[	[	X	
1	36	2	Discover	discover	VERB	
1	36	3	how	how	SCONJ	
1	36	4	our	our	PRON	
1	36	5	research	research	NOUN	
1	36	6	contributes	contribute	VERB	
1	36	7	to	to	ADP	
1	36	8	the	the	DET	ORG
1	36	9	UN	UN	PROPN	ORG
1	36	10	Sustainable	Sustainable	PROPN	ORG
1	36	11	Development	Development	PROPN	ORG
1	36	12	Goals	goal	NOUN	ORG
1	36	13	"
"	"
"	SPACE	
1	36	14	2030](https://www.lunduniversity.lu.se	2030](https://www.lunduniversity.lu.se	PROPN	
1	36	15	/	/	SYM	
1	36	16	research	research	NOUN	
1	36	17	-	-	PUNCT	
1	36	18	and	and	CCONJ	
1	36	19	-	-	PUNCT	
1	36	20	innovation	innovation	NOUN	
1	36	21	/	/	SYM	
1	36	22	find	find	NOUN	
1	36	23	-	-	PUNCT	
1	36	24	research-	research-	NOUN	
1	36	25	"
"	"
"	SPACE	
1	36	26	and	and	CCONJ	
1	36	27	-	-	PUNCT	
1	36	28	researchers/#SDG	researchers/#SDG	PROPN	
1	36	29	)	)	PUNCT	
1	36	30	"

"	"

"	SPACE	
1	36	31	#	#	SYM	MONEY
1	36	32	#	#	NOUN	MONEY
1	36	33	Cross	cross	ADJ	MONEY
1	36	34	-	-	ADJ	
1	36	35	border	border	ADJ	
1	36	36	external	external	ADJ	
1	36	37	engagement	engagement	NOUN	
1	36	38	"

"	"

"	SPACE	
1	36	39	Promoting	promote	VERB	
1	36	40	sustainable	sustainable	ADJ	
1	36	41	development	development	NOUN	
1	36	42	is	be	AUX	
1	36	43	an	an	DET	
1	36	44	explicit	explicit	ADJ	
1	36	45	goal	goal	NOUN	
1	36	46	in	in	ADP	
1	36	47	our	our	PRON	
1	36	48	interactions	interaction	NOUN	
1	36	49	with	with	ADP	
1	36	50	"
"	"
"	SPACE	
1	36	51	businesses	business	NOUN	
1	36	52	,	,	PUNCT	
1	36	53	the	the	DET	
1	36	54	public	public	ADJ	
1	36	55	sector	sector	NOUN	
1	36	56	and	and	CCONJ	
1	36	57	other	other	ADJ	
1	36	58	organisations	organisation	NOUN	
1	36	59	.	.	PUNCT	
1	37	1	We	we	PRON	
1	37	2	are	be	AUX	
1	37	3	therefore	therefore	ADV	
1	37	4	"
"	"
"	SPACE	
1	37	5	actively	actively	ADV	
1	37	6	working	work	VERB	
1	37	7	to	to	PART	
1	37	8	create	create	VERB	
1	37	9	new	new	ADJ	
1	37	10	collective	collective	ADJ	
1	37	11	meeting	meeting	NOUN	
1	37	12	places	place	NOUN	
1	37	13	and	and	CCONJ	
1	37	14	to	to	PART	
1	37	15	strengthen	strengthen	VERB	
1	37	16	"
"	"
"	SPACE	
1	37	17	existing	exist	VERB	
1	37	18	initiatives	initiative	NOUN	
1	37	19	between	between	ADP	
1	37	20	academia	academia	NOUN	
1	37	21	and	and	CCONJ	
1	37	22	society	society	NOUN	
1	37	23	in	in	ADP	
1	37	24	this	this	DET	
1	37	25	field	field	NOUN	
1	37	26	.	.	PUNCT	
1	38	1	Interested	interested	ADJ	
1	38	2	in	in	ADP	
1	38	3	collaborating	collaborate	VERB	
1	38	4	with	with	ADP	
1	38	5	us	we	PRON	
1	38	6	or	or	CCONJ	
1	38	7	finding	find	VERB	
1	38	8	out	out	ADP	
1	38	9	more	more	ADV	
1	38	10	about	about	ADP	
1	38	11	our	our	PRON	
1	38	12	approach	approach	NOUN	
1	38	13	to	to	ADP	
1	38	14	"
"	"
"	SPACE	
1	38	15	sustainability	sustainability	NOUN	
1	38	16	?	?	PUNCT	
1	39	1	Contact	contact	VERB	
1	39	2	our	our	PRON	
1	39	3	Sustainability	Sustainability	PROPN	ORG
1	39	4	Forum	Forum	PROPN	ORG
1	39	5	,	,	PUNCT	
1	39	6	which	which	PRON	
1	39	7	is	be	AUX	
1	39	8	responsible	responsible	ADJ	
1	39	9	for	for	ADP	
1	39	10	"
"	"
"	SPACE	
1	39	11	coordinating	coordinate	VERB	
1	39	12	sustainability	sustainability	NOUN	
1	39	13	issues	issue	NOUN	
1	39	14	at	at	ADP	
1	39	15	the	the	DET	
1	39	16	University	University	PROPN	ORG
1	39	17	,	,	PUNCT	
1	39	18	via	via	ADP	
1	39	19	contact	contact	NOUN	
1	39	20	[	[	X	
1	39	21	at	at	ADP	
1	39	22	]	]	X	
1	39	23	"
"	"
"	SPACE	
1	39	24	sustainability	sustainability	NOUN	
1	39	25	[	[	X	
1	39	26	dot	dot	X	
1	39	27	]	]	X	
1	39	28	lu	lu	PROPN	
1	40	1	[	[	X	
1	40	2	dot	dot	X	
1	40	3	]	]	X	
1	40	4	se	se	X	
1	40	5	(	(	PUNCT	
1	40	6	contact[at]sustainability[dot]lu[dot]se	contact[at]sustainability[dot]lu[dot]se	PROPN	
1	40	7	)	)	PUNCT	
1	40	8	.	.	PUNCT	
1	41	1	#	#	SYM	MONEY
1	41	2	#	#	NOUN	MONEY
1	41	3	Sustainability	sustainability	NOUN	MONEY
1	41	4	at	at	ADP	
1	41	5	the	the	DET	
1	41	6	University	university	NOUN	
1	41	7	"

"	"

"	SPACE	
1	41	8	#	#	SYM	MONEY
1	41	9	#	#	NOUN	MONEY
1	41	10	 	 	SPACE	MONEY
1	41	11	Contact	contact	NOUN	MONEY
1	41	12	information	information	NOUN	
1	41	13	"

"	"

"	SPACE	
1	41	14	*	*	PUNCT	
1	41	15	*	*	PUNCT	
1	41	16	Per	per	ADP	
1	41	17	Mickwitz	Mickwitz	PROPN	PERSON
1	41	18	*	*	PROPN	
1	41	19	*	*	PUNCT	
1	41	20	" 
"	" 
"	SPACE	
1	41	21	Pro	Pro	PROPN	
1	41	22	vice	vice	NOUN	
1	41	23	-	-	NOUN	
1	41	24	chancellor	chancellor	NOUN	
1	41	25	for	for	ADP	
1	41	26	research	research	NOUN	
1	41	27	,	,	PUNCT	
1	41	28	sustainability	sustainability	NOUN	
1	41	29	and	and	CCONJ	
1	41	30	campus	campus	NOUN	
1	41	31	development	development	NOUN	
1	41	32	" 
"	" 
"	SPACE	
1	41	33	per	per	ADP	
1	41	34	[	[	X	
1	41	35	dot	dot	X	
1	41	36	]	]	X	
1	41	37	mickwitz	mickwitz	NOUN	
1	42	1	[	[	X	
1	42	2	at	at	X	
1	42	3	]	]	X	
1	42	4	rektor	rektor	NOUN	
1	43	1	[	[	X	
1	43	2	dot	dot	X	
1	43	3	]	]	X	
1	43	4	lu	lu	PROPN	
1	44	1	[	[	X	
1	44	2	dot	dot	X	
1	44	3	]	]	X	
1	44	4	se	se	X	
1	44	5	"
"	"
"	SPACE	
1	44	6	(	(	PUNCT	
1	44	7	per[dot]mickwitz[at]rektor[dot]lu[dot]se	per[dot]mickwitz[at]rektor[dot]lu[dot]se	PROPN	
1	44	8	)	)	PUNCT	
1	44	9	" 
"	" 
"	SPACE	
1	44	10	Telephone	Telephone	PROPN	
1	44	11	:	:	PUNCT	
1	45	1	[	[	X	
1	45	2	+46	+46	X	
1	45	3	(	(	PUNCT	
1	45	4	0)46	0)46	NOUN	
1	45	5	222	222	NUM	CARDINAL
1	45	6	38	38	NUM	DATE
1	45	7	80](tel:+46462223880	80](tel:+46462223880	NUM	
1	45	8	)	)	PUNCT	
1	45	9	"

"	"

"	SPACE	
1	45	10	*	*	PUNCT	
1	45	11	*	*	PUNCT	
1	45	12	Claes	Claes	PROPN	PERSON
1	45	13	Nilén	Nilén	PROPN	PERSON
1	45	14	*	*	PUNCT	
1	45	15	*	*	PUNCT	
1	45	16	" 
"	" 
"	SPACE	
1	45	17	Environmental	environmental	ADJ	
1	45	18	manager	manager	NOUN	
1	45	19	" 
"	" 
"	SPACE	
1	45	20	claes	claes	NOUN	
1	46	1	[	[	X	
1	46	2	dot	dot	X	
1	46	3	]	]	PUNCT	
1	46	4	nilen	nilen	NOUN	
1	47	1	[	[	X	
1	47	2	at	at	X	
1	47	3	]	]	PUNCT	
1	47	4	bygg	bygg	PROPN	
1	47	5	[	[	X	
1	47	6	dot	dot	X	
1	47	7	]	]	X	
1	47	8	lu	lu	PROPN	
1	48	1	[	[	X	
1	48	2	dot	dot	X	
1	48	3	]	]	X	
1	48	4	se	se	X	
1	48	5	"
"	"
"	SPACE	
1	48	6	(	(	PUNCT	
1	48	7	claes[dot]nilen[at]bygg[dot]lu[dot]se	claes[dot]nilen[at]bygg[dot]lu[dot]se	PROPN	
1	48	8	)	)	PUNCT	
1	49	1	Telephone	telephone	NOUN	
1	49	2	:	:	PUNCT	
1	50	1	[	[	X	
1	50	2	+46	+46	X	
1	50	3	(	(	PUNCT	
1	50	4	0)46	0)46	NOUN	
1	50	5	222	222	NUM	CARDINAL
1	50	6	41	41	NUM	CARDINAL
1	50	7	59](tel:+46462224159	59](tel:+46462224159	NUM	CARDINAL
1	50	8	)	)	PUNCT	
1	50	9	"

"	"

"	SPACE	
1	50	10	*	*	PUNCT	
1	50	11	*	*	PUNCT	
1	50	12	Ann	Ann	PROPN	PERSON
1	50	13	Åkerman	Åkerman	PROPN	PERSON
1	50	14	*	*	PROPN	
1	50	15	*	*	PUNCT	
1	50	16	" 
"	" 
"	SPACE	
1	50	17	Coordinator	Coordinator	PROPN	
1	50	18	at	at	ADP	
1	50	19	Lund	Lund	PROPN	ORG
1	50	20	University	University	PROPN	ORG
1	50	21	Sustainability	Sustainability	PROPN	ORG
1	50	22	Forum	Forum	PROPN	ORG
1	50	23	" 
"	" 
"	SPACE	
1	50	24	ann	ann	NOUN	
1	50	25	[	[	X	
1	50	26	dot	dot	X	
1	50	27	]	]	X	
1	50	28	akerman	akerman	NOUN	
1	51	1	[	[	X	
1	51	2	at	at	X	
1	51	3	]	]	X	
1	51	4	lucsus	lucsus	PROPN	
1	52	1	[	[	X	
1	52	2	dot	dot	X	
1	52	3	]	]	X	
1	52	4	lu	lu	PROPN	
1	53	1	[	[	X	
1	53	2	dot	dot	X	
1	53	3	]	]	X	
1	53	4	se	se	X	
1	53	5	"
"	"
"	SPACE	
1	53	6	(	(	PUNCT	
1	53	7	ann[dot]akerman[at]lucsus[dot]lu[dot]se	ann[dot]akerman[at]lucsus[dot]lu[dot]se	PROPN	
1	53	8	)	)	PUNCT	
1	53	9	" 
"	" 
"	SPACE	
1	53	10	Telephone	Telephone	PROPN	
1	53	11	:	:	PUNCT	
1	53	12	[	[	X	
1	53	13	+46	+46	X	
1	53	14	(	(	PUNCT	
1	53	15	0)46	0)46	NOUN	
1	53	16	222	222	NUM	
1	53	17	80	80	NUM	DATE
1	53	18	81](tel:+46462228081	81](tel:+46462228081	NUM	
1	53	19	)	)	PUNCT	
1	54	1	*	*	PUNCT	
1	54	2	*	*	PUNCT	
1	54	3	*	*	PUNCT	
1	54	4	"

"	"

"	SPACE	
1	54	5	*	*	PUNCT	
1	54	6	*	*	PUNCT	
1	54	7	Sustainability	Sustainability	PROPN	
1	54	8	Forum	Forum	PROPN	
1	54	9	*	*	PUNCT	
1	54	10	*	*	NOUN	
1	54	11	" 
"	" 
"	SPACE	
1	54	12	contact@sustainability	contact@sustainability	NOUN	
1	55	1	[	[	X	
1	55	2	at	at	X	
1	55	3	]	]	X	
1	55	4	lu	lu	PROPN	
1	56	1	[	[	X	
1	56	2	dot	dot	X	
1	56	3	]	]	X	
1	56	4	se	se	X	
1	56	5	"
"	"
"	SPACE	
1	56	6	(	(	PUNCT	
1	56	7	contact[at]sustainability[at]lu[dot]se	contact[at]sustainability[at]lu[dot]se	PROPN	
1	56	8	)	)	PUNCT	
1	56	9	"

  "	"

  "	SPACE	
1	56	10	*	*	PUNCT	
1	57	1	[	[	X	
1	57	2	Subscribe	Subscribe	PROPN	
1	57	3	to	to	ADP	
1	57	4	our	our	PRON	
1	57	5	newsletter](https://app.bwz.se	newsletter](https://app.bwz.se	PROPN	
1	57	6	/	/	SYM	
1	57	7	lundsuniversitet	lundsuniversitet	NOUN	
1	57	8	/	/	SYM	
1	57	9	cec	cec	PROPN	ORG
1	57	10	/	/	SYM	
1	57	11	b	b	PROPN	
1	57	12	/	/	SYM	
1	57	13	v?subscribeto=6&ucrc	v?subscribeto=6&ucrc	ADJ	
1	57	14	=	=	NOUN	
1	57	15	B1FD8AB9	B1FD8AB9	NOUN	
1	57	16	)	)	PUNCT	
1	57	17	"
  "	"
  "	SPACE	
1	57	18	*	*	PUNCT	
1	58	1	[	[	X	
1	58	2	Sustainability	sustainability	NOUN	ORG
1	58	3	Forum	Forum	PROPN	ORG
1	58	4	on	on	ADP	ORG
1	58	5	Facebook](https://www.facebook.com	Facebook](https://www.facebook.com	PROPN	ORG
1	58	6	/	/	SYM	
1	58	7	sustainabilityforum/	sustainabilityforum/	NUM	
1	58	8	)	)	PUNCT	
1	58	9	"
  "	"
  "	SPACE	
1	58	10	*	*	PUNCT	
1	59	1	[	[	X	
1	59	2	Sustainability	sustainability	NOUN	ORG
1	59	3	Forum	Forum	PROPN	ORG
1	59	4	on	on	ADP	ORG
1	59	5	X	X	PROPN	ORG
1	59	6	(	(	PUNCT	
1	59	7	formerly	formerly	ADV	
1	59	8	Twitter)](https://twitter.com	Twitter)](https://twitter.com	PROPN	
1	59	9	/	/	SYM	
1	59	10	sustforum_Lu	sustforum_Lu	PROPN	
1	59	11	)	)	PUNCT	
1	59	12	"

"	"

"	SPACE	
1	59	13	We	we	PRON	
1	59	14	want	want	VERB	
1	59	15	to	to	PART	
1	59	16	make	make	VERB	
1	59	17	it	it	PRON	
1	59	18	easy	easy	ADJ	
1	59	19	for	for	SCONJ	
1	59	20	our	our	PRON	
1	59	21	students	student	NOUN	
1	59	22	and	and	CCONJ	
1	59	23	staff	staff	NOUN	
1	59	24	to	to	PART	
1	59	25	make	make	VERB	
1	59	26	sustainable	sustainable	ADJ	
1	59	27	choices	choice	NOUN	
1	59	28	"
"	"
"	SPACE	
1	59	29	during	during	ADP	
1	59	30	their	their	PRON	
1	59	31	time	time	NOUN	
1	59	32	here	here	ADV	
1	59	33	.	.	PUNCT	
1	60	1	That	that	PRON	
1	60	2	is	be	AUX	
1	60	3	why	why	SCONJ	
1	60	4	we	we	PRON	
1	60	5	strive	strive	VERB	
1	60	6	to	to	PART	
1	60	7	continuously	continuously	ADV	
1	60	8	develop	develop	VERB	
1	60	9	the	the	DET	
1	60	10	way	way	NOUN	
1	60	11	"
"	"
"	SPACE	
1	60	12	we	we	PRON	
1	60	13	work	work	VERB	
1	60	14	with	with	ADP	
1	60	15	social	social	ADJ	
1	60	16	,	,	PUNCT	
1	60	17	economic	economic	ADJ	
1	60	18	and	and	CCONJ	
1	60	19	environmental	environmental	ADJ	
1	60	20	sustainability	sustainability	NOUN	
1	60	21	in	in	ADP	
1	60	22	our	our	PRON	
1	60	23	daily	daily	ADJ	
1	60	24	"
"	"
"	SPACE	
1	60	25	lives	life	NOUN	
1	60	26	.	.	PUNCT	
1	61	1	[	[	PUNCT	
1	61	2	Sustainable	sustainable	ADJ	
1	61	3	student	student	NOUN	
1	61	4	life](/current	life](/current	NOUN	
1	61	5	-	-	PUNCT	
1	61	6	students	student	NOUN	
1	61	7	/	/	SYM	
1	61	8	get	get	VERB	
1	61	9	-	-	PUNCT	
1	61	10	involved	involve	VERB	
1	61	11	-	-	PUNCT	
1	61	12	student-	student-	ADJ	
1	61	13	"
"	"
"	SPACE	
1	61	14	life	life	NOUN	
1	61	15	/	/	SYM	
1	61	16	sustainable	sustainable	ADJ	
1	61	17	-	-	PUNCT	
1	61	18	student	student	NOUN	
1	61	19	-	-	PUNCT	
1	61	20	life	life	NOUN	
1	61	21	)	)	PUNCT	
1	62	1	We	we	PRON	
1	62	2	also	also	ADV	
1	62	3	work	work	VERB	
1	62	4	continuously	continuously	ADV	
1	62	5	and	and	CCONJ	
1	62	6	systematically	systematically	ADV	
1	62	7	according	accord	VERB	
1	62	8	to	to	ADP	
1	62	9	policies	policy	NOUN	
1	62	10	and	and	CCONJ	
1	62	11	plans	plan	NOUN	
1	62	12	"
"	"
"	SPACE	
1	62	13	to	to	PART	
1	62	14	provide	provide	VERB	
1	62	15	a	a	DET	
1	62	16	good	good	ADJ	
1	62	17	,	,	PUNCT	
1	62	18	safe	safe	ADJ	
1	62	19	and	and	CCONJ	
1	62	20	accessible	accessible	ADJ	
1	62	21	place	place	NOUN	
1	62	22	to	to	PART	
1	62	23	work	work	VERB	
1	62	24	and	and	CCONJ	
1	62	25	study	study	VERB	
1	62	26	.	.	PUNCT	
1	63	1	At	at	ADP	
1	63	2	the	the	DET	
1	63	3	same	same	ADJ	
1	63	4	"
"	"
"	SPACE	
1	63	5	time	time	NOUN	
1	63	6	,	,	PUNCT	
1	63	7	we	we	PRON	
1	63	8	strive	strive	VERB	
1	63	9	to	to	PART	
1	63	10	be	be	AUX	
1	63	11	a	a	DET	
1	63	12	resource	resource	NOUN	
1	63	13	-	-	PUNCT	
1	63	14	efficient	efficient	ADJ	
1	63	15	organisation	organisation	NOUN	
1	63	16	with	with	ADP	
1	63	17	minimal	minimal	ADJ	
1	63	18	impact	impact	NOUN	
1	63	19	on	on	ADP	
1	63	20	"
"	"
"	SPACE	
1	63	21	the	the	DET	
1	63	22	climate	climate	NOUN	
1	63	23	and	and	CCONJ	
1	63	24	the	the	DET	
1	63	25	environment	environment	NOUN	
1	63	26	.	.	PUNCT	
1	64	1	[	[	X	
1	64	2	Lund	Lund	PROPN	ORG
1	64	3	University	University	PROPN	ORG
1	64	4	's	's	PART	ORG
1	64	5	Strategy	Strategy	PROPN	ORG
1	64	6	for	for	ADP	ORG
1	64	7	Sustainable	Sustainable	PROPN	ORG
1	64	8	Development	Development	PROPN	ORG
1	64	9	(	(	PUNCT	
1	64	10	PDF	PDF	PROPN	
1	64	11	265	265	NUM	
1	64	12	kB	kB	PROPN	
1	64	13	,	,	PUNCT	
1	64	14	new	new	ADJ	
1	64	15	"
"	"
"	SPACE	
1	64	16	tab)](/sites	tab)](/sites	PROPN	
1	64	17	/	/	SYM	
1	64	18	www.lunduniversity.lu.se	www.lunduniversity.lu.se	ADJ	
1	64	19	/	/	SYM	
1	64	20	files/2024	files/2024	PROPN	
1	64	21	-	-	PUNCT	
1	64	22	03	03	NUM	
1	64	23	/	/	SYM	
1	64	24	strategy	strategy	NOUN	
1	64	25	-	-	PUNCT	
1	64	26	sustainable-	sustainable-	NOUN	
1	64	27	"
"	"
"	SPACE	
1	64	28	development-lund-university-2019-2026.pdf	development-lund-university-2019-2026.pdf	NOUN	
1	64	29	)	)	PUNCT	
1	64	30	"

"	"

"	SPACE	
1	64	31	[	[	X	
1	64	32	Sustainability	Sustainability	PROPN	ORG
1	64	33	Plan	Plan	PROPN	ORG
1	64	34	for	for	ADP	ORG
1	64	35	Lund	Lund	PROPN	ORG
1	64	36	University	University	PROPN	ORG
1	64	37	2020–2026	2020–2026	NUM	CARDINAL
1	64	38	(	(	PUNCT	
1	64	39	PDF	pdf	NOUN	ORG
1	64	40	3.8	3.8	NUM	ORG
1	64	41	MB	MB	NOUN	ORG
1	64	42	,	,	PUNCT	
1	64	43	new	new	ADJ	
1	64	44	"
"	"
"	SPACE	
1	64	45	tab)](/sites	tab)](/sites	PROPN	
1	64	46	/	/	SYM	
1	64	47	www.lunduniversity.lu.se	www.lunduniversity.lu.se	ADJ	
1	64	48	/	/	SYM	
1	64	49	files/2024	files/2024	PROPN	
1	64	50	-	-	PUNCT	
1	64	51	03	03	NUM	
1	64	52	/	/	SYM	
1	64	53	sustainability	sustainability	NOUN	
1	64	54	-	-	PUNCT	
1	64	55	plan	plan	NOUN	
1	64	56	-	-	PUNCT	
1	64	57	lund-	lund-	NOUN	
1	64	58	"
"	"
"	SPACE	
1	64	59	university-2020-2026.pdf	university-2020-2026.pdf	NOUN	
1	64	60	)	)	PUNCT	
1	64	61	"

"	"

"	SPACE	
1	64	62	#	#	SYM	
1	64	63	#	#	NOUN	MONEY
1	64	64	[	[	PUNCT	
1	64	65	Upcoming	upcoming	ADJ	
1	64	66	events	event	NOUN	
1	64	67	_	_	PUNCT	
1	64	68	_	_	PUNCT	
1	64	69	]	]	PUNCT	
1	64	70	(	(	PUNCT	
1	64	71	https://www.lu.se/calendar?category=7958	https://www.lu.se/calendar?category=7958	PROPN	
1	64	72	)	)	PUNCT	
1	64	73	"

"	"

"	SPACE	
1	64	74	Lectures	lecture	VERB	
1	64	75	,	,	PUNCT	
1	64	76	stand	stand	VERB	
1	64	77	-	-	PUNCT	
1	64	78	up	up	ADP	
1	64	79	comedy	comedy	NOUN	
1	64	80	and	and	CCONJ	
1	64	81	more	more	ADV	
1	64	82	on	on	ADP	
1	64	83	sustainability	sustainability	NOUN	
1	64	84	in	in	ADP	
1	64	85	the	the	DET	
1	64	86	events	event	NOUN	
1	64	87	calendar	calendar	NOUN	
1	64	88	at	at	ADP	
1	64	89	"
"	"
"	SPACE	
1	64	90	lu.se	lu.se	ADJ	
1	64	91	(	(	PUNCT	
1	64	92	in	in	ADP	
1	64	93	Swedish	swedish	ADJ	NORP
1	64	94	–	–	PUNCT	
1	64	95	events	event	NOUN	
1	64	96	in	in	ADP	
1	64	97	English	English	PROPN	LANGUAGE
1	64	98	and/or	and/or	CCONJ	
1	64	99	Swedish	Swedish	PROPN	NORP
1	64	100	)	)	PUNCT	
1	65	1	*	*	PUNCT	
1	65	2	*	*	PUNCT	
1	65	3	*	*	PUNCT	
1	65	4	"

"	"

"	SPACE	
1	65	5	#	#	SYM	MONEY
1	65	6	#	#	NOUN	MONEY
1	65	7	Latest	late	ADJ	MONEY
1	65	8	news	news	NOUN	
1	65	9	in	in	ADP	
1	65	10	sustainability	sustainability	NOUN	
1	65	11	"

"	"

"	SPACE	
1	65	12	!	!	PUNCT	
1	66	1	[	[	X	
1	66	2	Pink	pink	ADJ	
1	66	3	flowers	flower	NOUN	
1	66	4	in	in	ADP	
1	66	5	front	front	NOUN	
1	66	6	of	of	ADP	
1	66	7	the	the	DET	ORG
1	66	8	Main	Main	PROPN	ORG
1	66	9	University	University	PROPN	ORG
1	66	10	Building	Building	PROPN	ORG
1	66	11	.	.	PUNCT	
1	67	1	Photo	photo	NOUN	
1	67	2	:	:	PUNCT	
1	67	3	Kennet	Kennet	PROPN	
1	67	4	"
"	"
"	SPACE	
1	67	5	Ruona.](/sites	Ruona.](/sites	PROPN	
1	67	6	/	/	SYM	
1	67	7	www.lunduniversity.lu.se	www.lunduniversity.lu.se	ADJ	
1	67	8	/	/	SYM	
1	67	9	files	file	NOUN	
1	67	10	/	/	SYM	
1	67	11	styles	style	NOUN	
1	67	12	/	/	SYM	
1	67	13	lu_article_small_desktop	lu_article_small_desktop	PROPN	
1	67	14	/	/	SYM	
1	67	15	public/2024	public/2024	PROPN	
1	67	16	-	-	PUNCT	
1	67	17	05	05	NUM	
1	67	18	/	/	SYM	
1	67	19	main-	main-	NUM	
1	67	20	"
"	"
"	SPACE	
1	67	21	uni-building-pink-flowers-top.jpg.webp?itok=NHj7tNe0	uni-building-pink-flowers-top.jpg.webp?itok=NHj7tNe0	PROPN	
1	67	22	)	)	PUNCT	
1	67	23	"

"	"

"	SPACE	
1	67	24	#	#	SYM	MONEY
1	67	25	#	#	SYM	MONEY
1	67	26	#	#	NOUN	MONEY
1	67	27	[	[	PUNCT	
1	67	28	Lund	Lund	PROPN	ORG
1	67	29	University	University	PROPN	ORG
1	67	30	climbs	climb	VERB	
1	67	31	in	in	ADP	
1	67	32	global	global	ADJ	
1	67	33	ranking	ranking	NOUN	
1	67	34	,	,	PUNCT	
1	67	35	wins	win	VERB	
1	67	36	sustainability	sustainability	NOUN	
1	67	37	award	award	NOUN	
1	67	38	"
"	"
"	SPACE	
1	67	39	_	_	PUNCT	
1	67	40	_	_	PUNCT	
1	67	41	]	]	PUNCT	
1	68	1	(	(	PUNCT	
1	68	2	/article	/article	NOUN	
1	68	3	/	/	SYM	
1	68	4	lund	lund	NOUN	
1	68	5	-	-	PUNCT	
1	68	6	university	university	NOUN	
1	68	7	-	-	PUNCT	
1	68	8	climbs	climbs	ADJ	
1	68	9	-	-	PUNCT	
1	68	10	global	global	ADJ	
1	68	11	-	-	PUNCT	
1	68	12	ranking	rank	VERB	
1	68	13	-	-	PUNCT	
1	68	14	wins	win	NOUN	
1	68	15	-	-	PUNCT	
1	68	16	sustainability	sustainability	NOUN	
1	68	17	-	-	PUNCT	
1	68	18	award	award	NOUN	
1	68	19	)	)	PUNCT	
1	68	20	"

"	"

"	SPACE	
1	68	21	Lund	Lund	PROPN	ORG
1	68	22	University	University	PROPN	ORG
1	68	23	has	have	AUX	
1	68	24	risen	rise	VERB	
1	68	25	to	to	ADP	
1	68	26	75th	75th	ADJ	ORDINAL
1	68	27	place	place	NOUN	
1	68	28	in	in	ADP	
1	68	29	the	the	DET	
1	68	30	prestigious	prestigious	ADJ	
1	68	31	QS	QS	PROPN	ORG
1	68	32	annual	annual	ADJ	DATE
1	68	33	ranking	ranking	NOUN	
1	68	34	.	.	PUNCT	
1	69	1	This	this	PRON	
1	69	2	is	be	AUX	
1	69	3	an	an	DET	
1	69	4	improvement	improvement	NOUN	
1	69	5	of	of	ADP	
1	69	6	ten	ten	NUM	CARDINAL
1	69	7	spots	spot	NOUN	
1	69	8	on	on	ADP	
1	69	9	the	the	DET	DATE
1	69	10	previous	previous	ADJ	DATE
1	69	11	year	year	NOUN	DATE
1	69	12	,	,	PUNCT	
1	69	13	placing	place	VERB	
1	69	14	Lund	Lund	PROPN	PERSON
1	69	15	as	as	SCONJ	
1	69	16	the	the	DET	
1	69	17	"
"	"
"	SPACE	
1	69	18	top	top	NOUN	
1	69	19	ranked	rank	VERB	
1	69	20	comprehensive	comprehensive	ADJ	
1	69	21	...	...	PUNCT	
1	69	22	"

"	"

"	SPACE	
1	69	23	!	!	PUNCT	
1	70	1	[	[	X	
1	70	2	Conference	conference	NOUN	
1	70	3	participants	participant	NOUN	
1	70	4	in	in	ADP	
1	70	5	group	group	NOUN	
1	70	6	"
"	"
"	SPACE	
1	70	7	photo](/sites	photo](/sites	PROPN	
1	70	8	/	/	SYM	
1	70	9	www.lunduniversity.lu.se	www.lunduniversity.lu.se	ADJ	
1	70	10	/	/	SYM	
1	70	11	files	file	NOUN	
1	70	12	/	/	SYM	
1	70	13	styles	style	NOUN	
1	70	14	/	/	SYM	
1	70	15	lu_article_small_desktop	lu_article_small_desktop	PROPN	
1	70	16	/	/	SYM	
1	70	17	public/2024	public/2024	PROPN	
1	70	18	-	-	PUNCT	
1	70	19	05	05	NUM	
1	70	20	/	/	SYM	
1	70	21	Kritzberg%20luse%20final.jpg.webp.jpeg.webp?itok	kritzberg%20luse%20final.jpg.webp.jpeg.webp?itok	NOUN	
1	70	22	=	=	SYM	
1	70	23	zUya3yI5	zuya3yi5	NOUN	DATE
1	70	24	)	)	PUNCT	
1	70	25	"

"	"

"	SPACE	
1	70	26	#	#	SYM	MONEY
1	70	27	#	#	SYM	MONEY
1	70	28	#	#	NOUN	MONEY
1	70	29	[	[	PUNCT	
1	70	30	Conferences	conference	NOUN	
1	70	31	make	make	VERB	
1	70	32	scientists	scientist	NOUN	
1	70	33	climate	climate	NOUN	
1	70	34	transgressors	transgressor	NOUN	
1	70	35	"
"	"
"	SPACE	
1	70	36	_	_	PUNCT	
1	70	37	_	_	PUNCT	
1	70	38	]	]	PUNCT	
1	71	1	(	(	PUNCT	
1	71	2	/article	/article	NOUN	
1	71	3	/	/	SYM	
1	71	4	conferences	conference	NOUN	
1	71	5	-	-	PUNCT	
1	71	6	make	make	NOUN	
1	71	7	-	-	PUNCT	
1	71	8	scientists	scientist	NOUN	
1	71	9	-	-	PUNCT	
1	71	10	climate	climate	NOUN	
1	71	11	-	-	PUNCT	
1	71	12	transgressors	transgressor	NOUN	
1	71	13	)	)	PUNCT	
1	72	1	Climate	climate	NOUN	
1	72	2	researchers	researcher	NOUN	
1	72	3	often	often	ADV	
1	72	4	emphasise	emphasise	VERB	
1	72	5	the	the	DET	
1	72	6	fact	fact	NOUN	
1	72	7	that	that	SCONJ	
1	72	8	reducing	reduce	VERB	
1	72	9	carbon	carbon	NOUN	
1	72	10	emissions	emission	NOUN	
1	72	11	is	be	AUX	
1	72	12	"
"	"
"	SPACE	
1	72	13	in	in	ADP	
1	72	14	everyone	everyone	PRON	
1	72	15	’s	’s	PART	
1	72	16	best	good	ADJ	
1	72	17	interest	interest	NOUN	
1	72	18	,	,	PUNCT	
1	72	19	and	and	CCONJ	
1	72	20	should	should	AUX	
1	72	21	involve	involve	VERB	
1	72	22	all	all	PRON	
1	72	23	of	of	ADP	
1	72	24	us	we	PRON	
1	72	25	.	.	PUNCT	
1	73	1	But	but	CCONJ	
1	73	2	how	how	SCONJ	
1	73	3	good	good	ADJ	
1	73	4	are	be	AUX	
1	73	5	"
"	"
"	SPACE	
1	73	6	they	they	PRON	
1	73	7	at	at	ADP	
1	73	8	minimising	minimise	VERB	
1	73	9	their	their	PRON	
1	73	10	...	...	PUNCT	
1	73	11	"

"	"

"	SPACE	
1	73	12	!	!	PUNCT	
1	74	1	[	[	X	
1	74	2	Lund	lund	NOUN	
1	74	3	researchers	researcher	NOUN	
1	74	4	Thomas	Thomas	PROPN	PERSON
1	74	5	Pugh	Pugh	PROPN	PERSON
1	74	6	and	and	CCONJ	
1	74	7	Raimund	Raimund	PROPN	ORG
1	74	8	Muscheler	Muscheler	PROPN	ORG
1	74	9	have	have	AUX	
1	74	10	been	be	AUX	
1	74	11	awarded	award	VERB	
1	74	12	the	the	DET	
1	74	13	ERC	ERC	PROPN	ORG
1	74	14	"
"	"
"	SPACE	
1	74	15	Advanced	Advanced	PROPN	PERSON
1	74	16	Grant	Grant	PROPN	PERSON
1	74	17	.	.	PUNCT	
1	75	1	Photo	photo	NOUN	
1	75	2	:	:	PUNCT	
1	75	3	Private	Private	PROPN	
1	75	4	/	/	SYM	
1	75	5	Kenneth	Kenneth	PROPN	
1	75	6	"
"	"
"	SPACE	
1	75	7	Ruona](/sites	Ruona](/sites	PROPN	
1	75	8	/	/	SYM	
1	75	9	www.lunduniversity.lu.se	www.lunduniversity.lu.se	ADJ	
1	75	10	/	/	SYM	
1	75	11	files	file	NOUN	
1	75	12	/	/	SYM	
1	75	13	styles	style	NOUN	
1	75	14	/	/	SYM	
1	75	15	lu_article_small_desktop	lu_article_small_desktop	PROPN	
1	75	16	/	/	SYM	
1	75	17	public/2024	public/2024	PROPN	
1	75	18	-	-	PUNCT	
1	75	19	04	04	NUM	
1	75	20	/	/	SYM	
1	75	21	thomas-	thomas-	NUM	
1	75	22	"
"	"
"	SPACE	
1	75	23	raimund-958px.jpg.webp?itok=g78F_dat	raimund-958px.jpg.webp?itok=g78F_dat	NOUN	
1	75	24	)	)	PUNCT	
1	75	25	"

"	"

"	SPACE	
1	75	26	#	#	SYM	MONEY
1	75	27	#	#	SYM	MONEY
1	75	28	#	#	NOUN	MONEY
1	75	29	[	[	PUNCT	
1	75	30	Two	two	NUM	CARDINAL
1	75	31	Lund	Lund	PROPN	
1	75	32	researchers	researcher	NOUN	
1	75	33	receive	receive	VERB	
1	75	34	prestigious	prestigious	ADJ	
1	75	35	EU	EU	PROPN	ORG
1	75	36	grant	grant	NOUN	
1	75	37	_	_	PUNCT	
1	75	38	_	_	PUNCT	
1	75	39	]	]	PUNCT	
1	76	1	(	(	PUNCT	
1	76	2	/article	/article	NOUN	
1	76	3	/	/	SYM	
1	76	4	two	two	NUM	
1	76	5	-	-	PUNCT	
1	76	6	lund-	lund-	NOUN	
1	76	7	"
"	"
"	SPACE	
1	76	8	researchers	researcher	NOUN	
1	76	9	-	-	PUNCT	
1	76	10	receive	receive	VERB	
1	76	11	-	-	PUNCT	
1	76	12	prestigious	prestigious	ADJ	
1	76	13	-	-	PUNCT	
1	76	14	eu	eu	NOUN	
1	76	15	-	-	PUNCT	
1	76	16	grant	grant	NOUN	
1	76	17	)	)	PUNCT	
1	76	18	"

"	"

"	SPACE	
1	76	19	Quaternary	Quaternary	PROPN	
1	76	20	geologist	geologist	NOUN	
1	76	21	Raimund	Raimund	PROPN	PERSON
1	76	22	Muscheler	Muscheler	PROPN	PERSON
1	76	23	and	and	CCONJ	
1	76	24	physical	physical	ADJ	
1	76	25	geographer	geographer	NOUN	
1	76	26	Thomas	Thomas	PROPN	PERSON
1	76	27	Pugh	Pugh	PROPN	
1	76	28	"
"	"
"	SPACE	
1	76	29	have	have	AUX	
1	76	30	been	be	AUX	
1	76	31	awarded	award	VERB	
1	76	32	the	the	DET	
1	76	33	ERC	ERC	PROPN	
1	76	34	Advanced	Advanced	PROPN	
1	76	35	Grant	Grant	PROPN	
1	76	36	by	by	ADP	
1	76	37	the	the	DET	ORG
1	76	38	European	European	PROPN	ORG
1	76	39	Research	Research	PROPN	ORG
1	76	40	Council	Council	PROPN	ORG
1	76	41	.	.	PUNCT	
1	77	1	They	they	PRON	
1	77	2	will	will	AUX	
1	77	3	receive	receive	VERB	
1	77	4	EUR	EUR	PROPN	ORG
1	77	5	2.5	2.5	NUM	CARDINAL
1	77	6	mill	mill	NOUN	
1	77	7	...	...	PUNCT	
1	77	8	"

"	"

"	SPACE	
1	77	9	[	[	PUNCT	
1	77	10	More	More	ADJ	
1	77	11	news	news	NOUN	
1	77	12	about	about	ADP	
1	77	13	Sustainability	Sustainability	PROPN	ORG
1	77	14	_	_	PUNCT	
1	77	15	_	_	PUNCT	
1	77	16	]	]	PUNCT	
1	77	17	(	(	PUNCT	
1	77	18	/category	/category	NOUN	
1	77	19	/	/	SYM	
1	77	20	sustainability	sustainability	NOUN	
1	77	21	)	)	PUNCT	
1	77	22	"

"	"

"	SPACE	
1	77	23	Page	Page	PROPN	
1	77	24	manager	manager	NOUN	
1	77	25	:	:	PUNCT	
1	77	26	editors	editor	NOUN	
1	77	27	[	[	PUNCT	
1	77	28	at	at	ADP	
1	77	29	]	]	X	
1	77	30	kommunikation	kommunikation	NOUN	
1	78	1	[	[	X	
1	78	2	dot	dot	X	
1	78	3	]	]	X	
1	78	4	lu	lu	PROPN	
1	79	1	[	[	X	
1	79	2	dot	dot	X	
1	79	3	]	]	X	
1	79	4	se	se	X	
1	79	5	|	|	NOUN	
1	79	6	12	12	NUM	CARDINAL
1	79	7	Aug	Aug	PROPN	
1	79	8	2024	2024	NUM	DATE
1	79	9	"

"	"

"	SPACE	
1	79	10	_	_	PUNCT	
1	79	11	_	_	PUNCT	
1	80	1	Back	back	ADV	
1	80	2	to	to	AUX	
1	80	3	top	top	VERB	
1	80	4	"

  "	"

  "	SPACE	
1	80	5	*	*	PUNCT	
1	80	6	[	[	X	
1	80	7	MOOCs	moocs	X	
1	80	8	]	]	X	
1	80	9	:	:	PUNCT	
1	80	10	Massive	massive	ADJ	
1	80	11	Open	Open	PROPN	
1	80	12	Online	Online	PROPN	
1	80	13	Courses	course	NOUN	
2	1	1	Page	page	NOUN	
2	1	2	1	1	NUM	CARDINAL
2	1	3	"

"	"

"	SPACE	
2	1	4	STRATEGY	STRATEGY	PROPN	
2	1	5	" 

"	" 

"	SPACE	
2	1	6	19	19	NUM	
2	1	7	September	September	PROPN	
2	1	8	2019	2019	NUM	
2	1	9	" 

"	" 

"	SPACE	
2	1	10	1	1	NUM	CARDINAL
2	1	11	(	(	PUNCT	
2	1	12	4	4	NUM	CARDINAL
2	1	13	)	)	PUNCT	
2	1	14	" 

"	" 

"	SPACE	
2	1	15	STYR	STYR	PROPN	
2	1	16	2017/1345	2017/1345	NUM	CARDINAL
2	1	17	" 

"	" 

"	SPACE	
2	1	18	Lund	Lund	PROPN	ORG
2	1	19	University	University	PROPN	ORG
2	1	20	’s	’s	PART	ORG
2	1	21	strategy	strategy	NOUN	
2	1	22	for	for	ADP	
2	1	23	sustainable	sustainable	ADJ	
2	1	24	development	development	NOUN	
2	1	25	2019–2026	2019–2026	NUM	
2	1	26	" 
"	" 
"	SPACE	
2	1	27	Approved	approve	VERB	
2	1	28	by	by	ADP	
2	1	29	the	the	DET	
2	1	30	vice	vice	NOUN	
2	1	31	-	-	NOUN	
2	1	32	chancellor	chancellor	NOUN	
2	1	33	19	19	NUM	DATE
2	1	34	September	September	PROPN	DATE
2	1	35	2019	2019	NUM	DATE
2	1	36	" 

"	" 

"	SPACE	
2	1	37	Lund	Lund	PROPN	ORG
2	1	38	University	University	PROPN	ORG
2	1	39	is	be	AUX	
2	1	40	to	to	PART	
2	1	41	understand	understand	VERB	
2	1	42	,	,	PUNCT	
2	1	43	explain	explain	VERB	
2	1	44	and	and	CCONJ	
2	1	45	improve	improve	VERB	
2	1	46	our	our	PRON	
2	1	47	world	world	NOUN	
2	1	48	and	and	CCONJ	
2	1	49	the	the	DET	
2	1	50	human	human	ADJ	
2	1	51	"
"	"
"	SPACE	
2	1	52	condition	condition	NOUN	
2	1	53	" 
"	" 
"	SPACE	
2	1	54	and	and	CCONJ	
2	1	55	by	by	ADP	
2	1	56	doing	do	VERB	
2	1	57	so	so	ADV	
2	1	58	act	act	VERB	
2	1	59	as	as	ADP	
2	1	60	a	a	DET	
2	1	61	driving	drive	VERB	
2	1	62	force	force	NOUN	
2	1	63	for	for	ADP	
2	1	64	sustainable	sustainable	ADJ	
2	1	65	development	development	NOUN	
2	1	66	.	.	PUNCT	
2	2	1	The	the	DET	ORG
2	2	2	"
"	"
"	SPACE	ORG
2	2	3	University	University	PROPN	ORG
2	2	4	works	work	VERB	
2	2	5	ac-	ac-	ADP	
2	2	6	" 
"	" 
"	SPACE	
2	2	7	tively	tively	ADV	
2	2	8	to	to	PART	
2	2	9	integrate	integrate	VERB	
2	2	10	an	an	DET	
2	2	11	overall	overall	ADJ	
2	2	12	approach	approach	NOUN	
2	2	13	to	to	ADP	
2	2	14	sustainable	sustainable	ADJ	
2	2	15	development	development	NOUN	
2	2	16	in	in	ADP	
2	2	17	all	all	DET	
2	2	18	its	its	PRON	
2	2	19	"
"	"
"	SPACE	
2	2	20	activities	activity	NOUN	
2	2	21	:	:	PUNCT	
2	2	22	educa-	educa-	PUNCT	
2	2	23	" 
"	" 
"	SPACE	
2	2	24	tion	tion	NOUN	
2	2	25	,	,	PUNCT	
2	2	26	research	research	NOUN	
2	2	27	,	,	PUNCT	
2	2	28	external	external	ADJ	
2	2	29	engagement	engagement	NOUN	
2	2	30	and	and	CCONJ	
2	2	31	organisational	organisational	ADJ	
2	2	32	development	development	NOUN	
2	2	33	.	.	PUNCT	
2	3	1	1\.	1\.	NUM	CARDINAL
2	3	2	Background	Background	PROPN	
2	3	3	" 

"	" 

"	SPACE	
2	3	4	In	in	ADP	
2	3	5	a	a	DET	
2	3	6	sustainable	sustainable	ADJ	
2	3	7	world	world	NOUN	
2	3	8	,	,	PUNCT	
2	3	9	people	people	NOUN	
2	3	10	’s	’s	PART	
2	3	11	needs	need	NOUN	
2	3	12	are	be	AUX	
2	3	13	met	meet	VERB	
2	3	14	without	without	ADP	
2	3	15	compromising	compromise	VERB	
2	3	16	future	future	NOUN	
2	3	17	"
"	"
"	SPACE	
2	3	18	generations	generation	NOUN	
2	3	19	’	'	PUNCT	
2	3	20	possibili-	possibili-	ADJ	
2	3	21	" 
"	" 
"	SPACE	
2	3	22	ties	tie	NOUN	
2	3	23	to	to	PART	
2	3	24	meet	meet	VERB	
2	3	25	their	their	PRON	
2	3	26	needs	need	NOUN	
2	3	27	.	.	PUNCT	
2	4	1	This	this	PRON	
2	4	2	requires	require	VERB	
2	4	3	that	that	SCONJ	
2	4	4	society	society	NOUN	
2	4	5	addresses	address	VERB	
2	4	6	a	a	DET	
2	4	7	number	number	NOUN	
2	4	8	of	of	ADP	
2	4	9	"
"	"
"	SPACE	
2	4	10	major	major	ADJ	
2	4	11	challenges	challenge	NOUN	
2	4	12	so	so	SCONJ	
2	4	13	that	that	SCONJ	
2	4	14	" 
"	" 
"	SPACE	
2	4	15	economic	economic	ADJ	
2	4	16	development	development	NOUN	
2	4	17	is	be	AUX	
2	4	18	within	within	ADP	
2	4	19	the	the	DET	
2	4	20	framework	framework	NOUN	
2	4	21	for	for	ADP	
2	4	22	social	social	ADJ	
2	4	23	and	and	CCONJ	
2	4	24	environmental	environmental	ADJ	
2	4	25	"
"	"
"	SPACE	
2	4	26	sustainability	sustainability	NOUN	
2	4	27	,	,	PUNCT	
2	4	28	and	and	CCONJ	
2	4	29	the	the	DET	
2	4	30	" 
"	" 
"	SPACE	
2	4	31	Earth	Earth	PROPN	LOC
2	4	32	’s	’s	PART	
2	4	33	resources	resource	NOUN	
2	4	34	are	be	AUX	
2	4	35	not	not	PART	
2	4	36	depleted	deplete	VERB	
2	4	37	.	.	PUNCT	
2	5	1	Such	such	DET	
2	5	2	a	a	DET	
2	5	3	global	global	ADJ	
2	5	4	vision	vision	NOUN	
2	5	5	for	for	ADP	
2	5	6	sustainable	sustainable	ADJ	
2	5	7	"
"	"
"	SPACE	
2	5	8	development	development	NOUN	
2	5	9	is	be	AUX	
2	5	10	expressed	express	VERB	
2	5	11	in	in	ADP	
2	5	12	" 
"	" 
"	SPACE	
2	5	13	the	the	DET	
2	5	14	UN	UN	PROPN	ORG
2	5	15	’s	’s	PART	
2	5	16	17	17	NUM	CARDINAL
2	5	17	sustainable	sustainable	ADJ	
2	5	18	development	development	NOUN	
2	5	19	goals	goal	NOUN	
2	5	20	from	from	ADP	
2	5	21	2015	2015	NUM	DATE
2	5	22	.	.	PUNCT	
2	6	1	The	the	DET	
2	6	2	UN	UN	PROPN	ORG
2	6	3	’s	’s	PART	
2	6	4	Agenda	Agenda	PROPN	
2	6	5	2030	2030	NUM	DATE
2	6	6	"
"	"
"	SPACE	
2	6	7	states	state	VERB	
2	6	8	how	how	SCONJ	
2	6	9	these	these	DET	
2	6	10	" 
"	" 
"	SPACE	
2	6	11	goals	goal	NOUN	
2	6	12	are	be	AUX	
2	6	13	to	to	PART	
2	6	14	be	be	AUX	
2	6	15	achieved	achieve	VERB	
2	6	16	.	.	PUNCT	
2	7	1	The	the	DET	
2	7	2	sustainable	sustainable	ADJ	
2	7	3	development	development	NOUN	
2	7	4	goals	goal	NOUN	
2	7	5	form	form	VERB	
2	7	6	an	an	DET	
2	7	7	integrated	integrate	VERB	
2	7	8	"
"	"
"	SPACE	
2	7	9	and	and	CCONJ	
2	7	10	indivisible	indivisible	ADJ	
2	7	11	" 
"	" 
"	SPACE	
2	7	12	whole	whole	NOUN	
2	7	13	in	in	ADP	
2	7	14	which	which	PRON	
2	7	15	the	the	DET	
2	7	16	different	different	ADJ	
2	7	17	goals	goal	NOUN	
2	7	18	address	address	VERB	
2	7	19	all	all	DET	
2	7	20	dimensions	dimension	NOUN	
2	7	21	of	of	ADP	
2	7	22	sustainability	sustainability	NOUN	
2	7	23	:	:	PUNCT	
2	7	24	"
"	"
"	SPACE	
2	7	25	economic	economic	ADJ	
2	7	26	,	,	PUNCT	
2	7	27	social	social	ADJ	
2	7	28	and	and	CCONJ	
2	7	29	en-	en-	NOUN	
2	7	30	" 
"	" 
"	SPACE	
2	7	31	vironmental	vironmental	ADJ	
2	7	32	.	.	PUNCT	
2	8	1	As	as	SCONJ	
2	8	2	the	the	DET	
2	8	3	goals	goal	NOUN	
2	8	4	by	by	ADP	
2	8	5	their	their	PRON	
2	8	6	very	very	ADJ	
2	8	7	nature	nature	NOUN	
2	8	8	are	be	AUX	
2	8	9	linked	link	VERB	
2	8	10	,	,	PUNCT	
2	8	11	there	there	PRON	
2	8	12	is	be	VERB	
2	8	13	a	a	DET	
2	8	14	need	need	NOUN	
2	8	15	for	for	ADP	
2	8	16	"
"	"
"	SPACE	
2	8	17	solutions	solution	NOUN	
2	8	18	that	that	PRON	
2	8	19	create	create	VERB	
2	8	20	syn-	syn-	NOUN	
2	8	21	" 
"	" 
"	SPACE	
2	8	22	ergies	ergie	NOUN	
2	8	23	and	and	CCONJ	
2	8	24	lead	lead	VERB	
2	8	25	development	development	NOUN	
2	8	26	forwards	forwards	ADV	
2	8	27	,	,	PUNCT	
2	8	28	while	while	SCONJ	
2	8	29	there	there	PRON	
2	8	30	is	be	VERB	
2	8	31	also	also	ADV	
2	8	32	a	a	DET	
2	8	33	need	need	NOUN	
2	8	34	for	for	ADP	
2	8	35	knowledge	knowledge	NOUN	
2	8	36	"
"	"
"	SPACE	
2	8	37	on	on	ADP	
2	8	38	how	how	SCONJ	
2	8	39	to	to	PART	
2	8	40	identify	identify	VERB	
2	8	41	" 
"	" 
"	SPACE	
2	8	42	and	and	CCONJ	
2	8	43	manage	manage	VERB	
2	8	44	goal	goal	NOUN	
2	8	45	conflicts	conflict	NOUN	
2	8	46	.	.	PUNCT	
2	9	1	The	the	DET	
2	9	2	issues	issue	NOUN	
2	9	3	relating	relate	VERB	
2	9	4	to	to	ADP	
2	9	5	sustainable	sustainable	ADJ	
2	9	6	development	development	NOUN	
2	9	7	are	be	AUX	
2	9	8	not	not	PART	
2	9	9	new	new	ADJ	
2	9	10	,	,	PUNCT	
2	9	11	but	but	CCONJ	
2	9	12	have	have	AUX	
2	9	13	become	become	VERB	
2	9	14	"
"	"
"	SPACE	
2	9	15	increasingly	increasingly	ADV	
2	9	16	topical	topical	ADJ	
2	9	17	" 
"	" 
"	SPACE	
2	9	18	due	due	ADP	
2	9	19	to	to	ADP	
2	9	20	the	the	DET	
2	9	21	fact	fact	NOUN	
2	9	22	that	that	SCONJ	
2	9	23	the	the	DET	
2	9	24	striving	striving	NOUN	
2	9	25	for	for	ADP	
2	9	26	social	social	ADJ	
2	9	27	sustainability	sustainability	NOUN	
2	9	28	with	with	ADP	
2	9	29	basic	basic	ADJ	
2	9	30	human	human	ADJ	
2	9	31	"
"	"
"	SPACE	
2	9	32	rights	right	NOUN	
2	9	33	such	such	ADJ	
2	9	34	as	as	ADP	
2	9	35	the	the	DET	
2	9	36	right	right	NOUN	
2	9	37	to	to	ADP	
2	9	38	" 
"	" 
"	SPACE	
2	9	39	a	a	DET	
2	9	40	satisfactory	satisfactory	ADJ	
2	9	41	standard	standard	NOUN	
2	9	42	of	of	ADP	
2	9	43	living	living	NOUN	
2	9	44	,	,	PUNCT	
2	9	45	health	health	NOUN	
2	9	46	,	,	PUNCT	
2	9	47	work	work	NOUN	
2	9	48	and	and	CCONJ	
2	9	49	education	education	NOUN	
2	9	50	and	and	CCONJ	
2	9	51	gender	gender	NOUN	
2	9	52	"
"	"
"	SPACE	
2	9	53	equality	equality	NOUN	
2	9	54	for	for	ADP	
2	9	55	present	present	ADJ	
2	9	56	and	and	CCONJ	
2	9	57	fu-	fu-	NOUN	
2	9	58	" 
"	" 
"	SPACE	
2	9	59	ture	ture	NOUN	
2	9	60	generations	generation	NOUN	
2	9	61	is	be	AUX	
2	9	62	being	be	AUX	
2	9	63	made	make	VERB	
2	9	64	more	more	ADV	
2	9	65	difficult	difficult	ADJ	
2	9	66	by	by	ADP	
2	9	67	ongoing	ongoing	ADJ	
2	9	68	climate	climate	NOUN	
2	9	69	change	change	NOUN	
2	9	70	,	,	PUNCT	
2	9	71	"
"	"
"	SPACE	
2	9	72	overexploitation	overexploitation	NOUN	
2	9	73	of	of	ADP	
2	9	74	the	the	DET	
2	9	75	" 
"	" 
"	SPACE	
2	9	76	Earth	Earth	PROPN	LOC
2	9	77	’s	’s	PART	
2	9	78	resources	resource	NOUN	
2	9	79	,	,	PUNCT	
2	9	80	depletion	depletion	NOUN	
2	9	81	of	of	ADP	
2	9	82	biodiversity	biodiversity	NOUN	
2	9	83	,	,	PUNCT	
2	9	84	other	other	ADJ	
2	9	85	environmental	environmental	ADJ	
2	9	86	pollution	pollution	NOUN	
2	9	87	"
"	"
"	SPACE	
2	9	88	and	and	CCONJ	
2	9	89	conflicts	conflict	NOUN	
2	9	90	.	.	PUNCT	
2	10	1	In	in	ADP	
2	10	2	many	many	ADJ	
2	10	3	" 
"	" 
"	SPACE	
2	10	4	cases	case	NOUN	
2	10	5	there	there	PRON	
2	10	6	is	be	VERB	
2	10	7	little	little	ADJ	
2	10	8	time	time	NOUN	
2	10	9	to	to	PART	
2	10	10	identify	identify	VERB	
2	10	11	and	and	CCONJ	
2	10	12	implement	implement	VERB	
2	10	13	solutions	solution	NOUN	
2	10	14	to	to	PART	
2	10	15	meet	meet	VERB	
2	10	16	these	these	DET	
2	10	17	"
"	"
"	SPACE	
2	10	18	challenges	challenge	NOUN	
2	10	19	,	,	PUNCT	
2	10	20	as	as	SCONJ	
2	10	21	delays	delay	NOUN	
2	10	22	in	in	ADP	
2	10	23	" 
"	" 
"	SPACE	
2	10	24	working	work	VERB	
2	10	25	towards	towards	ADP	
2	10	26	sustainable	sustainable	ADJ	
2	10	27	development	development	NOUN	
2	10	28	successively	successively	ADV	
2	10	29	lead	lead	VERB	
2	10	30	to	to	ADP	
2	10	31	a	a	DET	
2	10	32	desirable	desirable	ADJ	
2	10	33	"
"	"
"	SPACE	
2	10	34	future	future	NOUN	
2	10	35	being	be	AUX	
2	10	36	increasingly	increasingly	ADV	
2	10	37	" 
"	" 
"	SPACE	
2	10	38	difficult	difficult	ADJ	
2	10	39	to	to	PART	
2	10	40	realise	realise	VERB	
2	10	41	.	.	PUNCT	
2	11	1	Meeting	meet	VERB	
2	11	2	these	these	DET	
2	11	3	challenges	challenge	NOUN	
2	11	4	requires	require	VERB	
2	11	5	knowledge	knowledge	NOUN	
2	11	6	about	about	ADP	
2	11	7	how	how	SCONJ	
2	11	8	"
"	"
"	SPACE	
2	11	9	sustainable	sustainable	ADJ	
2	11	10	develop-	develop-	ADJ	
2	11	11	" 
"	" 
"	SPACE	
2	11	12	ment	ment	NOUN	
2	11	13	can	can	AUX	
2	11	14	be	be	AUX	
2	11	15	achieved	achieve	VERB	
2	11	16	and	and	CCONJ	
2	11	17	how	how	SCONJ	
2	11	18	knowledge	knowledge	NOUN	
2	11	19	can	can	AUX	
2	11	20	be	be	AUX	
2	11	21	converted	convert	VERB	
2	11	22	into	into	ADP	
2	11	23	action	action	NOUN	
2	11	24	.	.	PUNCT	
2	12	1	This	this	PRON	
2	12	2	is	be	AUX	
2	12	3	"
"	"
"	SPACE	
2	12	4	supported	support	VERB	
2	12	5	by	by	ADP	
2	12	6	" 
"	" 
"	SPACE	
2	12	7	knowledge	knowledge	NOUN	
2	12	8	from	from	ADP	
2	12	9	many	many	ADJ	
2	12	10	different	different	ADJ	
2	12	11	areas	area	NOUN	
2	12	12	that	that	PRON	
2	12	13	are	be	AUX	
2	12	14	also	also	ADV	
2	12	15	integrated	integrate	VERB	
2	12	16	into	into	ADP	
2	12	17	a	a	DET	
2	12	18	holistic	holistic	ADJ	
2	12	19	"
"	"
"	SPACE	
2	12	20	perspective	perspective	NOUN	
2	12	21	.	.	PUNCT	
2	13	1	Lund	Lund	PROPN	ORG
2	13	2	University	University	PROPN	ORG
2	13	3	’s	’s	PART	ORG
2	13	4	strategy	strategy	NOUN	
2	13	5	for	for	ADP	
2	13	6	sustainable	sustainable	ADJ	
2	13	7	development	development	NOUN	
2	13	8	complements	complement	NOUN	
2	13	9	the	the	DET	
2	13	10	"
"	"
"	SPACE	
2	13	11	University	University	PROPN	ORG
2	13	12	’s	’s	PART	
2	13	13	strategic	strategic	ADJ	
2	13	14	plan	plan	NOUN	
2	13	15	" 
"	" 
"	SPACE	
2	13	16	and	and	CCONJ	
2	13	17	observes	observe	VERB	
2	13	18	the	the	DET	
2	13	19	Higher	high	ADJ	
2	13	20	Education	Education	PROPN	
2	13	21	Act1	act1	NOUN	
2	13	22	.	.	PUNCT	
2	14	1	The	the	DET	
2	14	2	strategy	strategy	NOUN	
2	14	3	covers	cover	VERB	
2	14	4	the	the	DET	
2	14	5	University	University	PROPN	ORG
2	14	6	’s	’s	PART	
2	14	7	"
"	"
"	SPACE	
2	14	8	entire	entire	ADJ	
2	14	9	organisation	organisation	NOUN	
2	14	10	and	and	CCONJ	
2	14	11	" 
"	" 
"	SPACE	
2	14	12	all	all	DET	
2	14	13	employees	employee	NOUN	
2	14	14	.	.	PUNCT	
2	15	1	Implementation	implementation	NOUN	
2	15	2	of	of	ADP	
2	15	3	the	the	DET	
2	15	4	strategy	strategy	NOUN	
2	15	5	is	be	AUX	
2	15	6	to	to	PART	
2	15	7	be	be	AUX	
2	15	8	carried	carry	VERB	
2	15	9	out	out	ADP	
2	15	10	in	in	ADP	
2	15	11	harmony	harmony	NOUN	
2	15	12	"
"	"
"	SPACE	
2	15	13	with	with	ADP	
2	15	14	other	other	ADJ	
2	15	15	relevant	relevant	ADJ	
2	15	16	" 

"	" 

"	SPACE	
2	15	17	1	1	NUM	CARDINAL
2	16	1	The	the	DET	
2	16	2	requirement	requirement	NOUN	
2	16	3	for	for	ADP	
2	16	4	Sweden	Sweden	PROPN	GPE
2	16	5	’s	’s	PART	
2	16	6	higher	high	ADJ	
2	16	7	education	education	NOUN	
2	16	8	institutions	institution	NOUN	
2	16	9	to	to	PART	
2	16	10	promote	promote	VERB	
2	16	11	all	all	DET	
2	16	12	"
"	"
"	SPACE	
2	16	13	dimensions	dimension	NOUN	
2	16	14	of	of	ADP	
2	16	15	sustainable	sustainable	ADJ	
2	16	16	" 

"	" 

"	SPACE	
2	16	17	development	development	NOUN	
2	16	18	is	be	AUX	
2	16	19	stated	state	VERB	
2	16	20	in	in	ADP	
2	16	21	the	the	DET	LAW
2	16	22	Higher	Higher	PROPN	LAW
2	16	23	Education	Education	PROPN	LAW
2	16	24	Act	Act	PROPN	LAW
2	16	25	(	(	PUNCT	
2	16	26	1992:1434	1992:1434	NUM	CARDINAL
2	16	27	Chapter	chapter	NOUN	LAW
2	16	28	1	1	NUM	LAW
2	16	29	,	,	PUNCT	
2	16	30	"
"	"
"	SPACE	
2	16	31	Section	Section	PROPN	LAW
2	16	32	5	5	NUM	LAW
2	16	33	)	)	PUNCT	
2	16	34	.	.	PUNCT	
2	17	1	Page	page	NOUN	PERSON
2	17	2	2	2	NUM	PERSON
2	17	3	"

"	"

"	SPACE	
2	17	4	2	2	NUM	CARDINAL
2	17	5	(	(	PUNCT	
2	17	6	4	4	NUM	CARDINAL
2	17	7	)	)	PUNCT	
2	17	8	" 

"	" 

"	SPACE	
2	17	9	strategies	strategy	NOUN	
2	17	10	,	,	PUNCT	
2	17	11	policy	policy	NOUN	
2	17	12	documents	document	NOUN	
2	17	13	,	,	PUNCT	
2	17	14	the	the	DET	
2	17	15	policy	policy	NOUN	
2	17	16	for	for	ADP	
2	17	17	sustainable	sustainable	ADJ	
2	17	18	development	development	NOUN	
2	17	19	,	,	PUNCT	
2	17	20	"
"	"
"	SPACE	
2	17	21	regulations	regulation	NOUN	
2	17	22	and	and	CCONJ	
2	17	23	statements	statement	NOUN	
2	17	24	,	,	PUNCT	
2	17	25	" 
"	" 
"	SPACE	
2	17	26	and	and	CCONJ	
2	17	27	be	be	AUX	
2	17	28	adapted	adapt	VERB	
2	17	29	to	to	ADP	
2	17	30	the	the	DET	
2	17	31	affected	affected	ADJ	
2	17	32	organisations	organisation	NOUN	
2	17	33	’	’	PART	
2	17	34	conditions	condition	NOUN	
2	17	35	,	,	PUNCT	
2	17	36	opportunities	opportunity	NOUN	
2	17	37	and	and	CCONJ	
2	17	38	"
"	"
"	SPACE	
2	17	39	needs	need	NOUN	
2	17	40	.	.	PUNCT	
2	18	1	The	the	DET	
2	18	2	aim	aim	NOUN	
2	18	3	of	of	ADP	
2	18	4	the	the	DET	
2	18	5	" 
"	" 
"	SPACE	
2	18	6	strategy	strategy	NOUN	
2	18	7	is	be	AUX	
2	18	8	consequently	consequently	ADV	
2	18	9	to	to	PART	
2	18	10	provide	provide	VERB	
2	18	11	a	a	DET	
2	18	12	direction	direction	NOUN	
2	18	13	and	and	CCONJ	
2	18	14	establish	establish	VERB	
2	18	15	a	a	DET	
2	18	16	number	number	NOUN	
2	18	17	of	of	ADP	
2	18	18	"
"	"
"	SPACE	
2	18	19	visions	vision	NOUN	
2	18	20	,	,	PUNCT	
2	18	21	not	not	PART	
2	18	22	to	to	PART	
2	18	23	regulate	regulate	VERB	
2	18	24	" 
"	" 
"	SPACE	
2	18	25	how	how	SCONJ	
2	18	26	the	the	DET	
2	18	27	implementation	implementation	NOUN	
2	18	28	is	be	AUX	
2	18	29	to	to	PART	
2	18	30	be	be	AUX	
2	18	31	carried	carry	VERB	
2	18	32	out	out	ADP	
2	18	33	.	.	PUNCT	
2	19	1	The	the	DET	
2	19	2	visions	vision	NOUN	
2	19	3	concern	concern	NOUN	
2	19	4	management	management	NOUN	
2	19	5	"
"	"
"	SPACE	
2	19	6	and	and	CCONJ	
2	19	7	further	far	ADV	
2	19	8	develop-	develop-	ADJ	
2	19	9	" 
"	" 
"	SPACE	
2	19	10	ment	ment	NOUN	
2	19	11	of	of	ADP	
2	19	12	ongoing	ongoing	ADJ	
2	19	13	activities	activity	NOUN	
2	19	14	,	,	PUNCT	
2	19	15	as	as	ADV	
2	19	16	well	well	ADV	
2	19	17	as	as	ADP	
2	19	18	new	new	ADJ	
2	19	19	aspects	aspect	NOUN	
2	19	20	of	of	ADP	
2	19	21	activities	activity	NOUN	
2	19	22	.	.	PUNCT	
2	20	1	With	with	ADP	
2	20	2	its	its	PRON	
2	20	3	comprehensive	comprehensive	ADJ	
2	20	4	range	range	NOUN	
2	20	5	of	of	ADP	
2	20	6	disciplines	discipline	NOUN	
2	20	7	,	,	PUNCT	
2	20	8	Lund	Lund	PROPN	ORG
2	20	9	University	University	PROPN	ORG
2	20	10	can	can	AUX	
2	20	11	follow	follow	VERB	
2	20	12	the	the	DET	
2	20	13	"
"	"
"	SPACE	
2	20	14	holistic	holistic	ADJ	
2	20	15	approach	approach	NOUN	
2	20	16	of	of	ADP	
2	20	17	" 
"	" 
"	SPACE	
2	20	18	Agenda	Agenda	PROPN	
2	20	19	2030	2030	NUM	DATE
2	20	20	by	by	ADP	
2	20	21	creating	create	VERB	
2	20	22	and	and	CCONJ	
2	20	23	conveying	convey	VERB	
2	20	24	knowledge	knowledge	NOUN	
2	20	25	with	with	ADP	
2	20	26	a	a	DET	
2	20	27	scientific	scientific	ADJ	
2	20	28	and	and	CCONJ	
2	20	29	artistic	artistic	ADJ	
2	20	30	"
"	"
"	SPACE	
2	20	31	basis	basis	NOUN	
2	20	32	.	.	PUNCT	
2	21	1	2\.	2\.	NUM	
2	21	2	Visions	vision	NOUN	
2	21	3	for	for	ADP	
2	21	4	sustainable	sustainable	ADJ	
2	21	5	development	development	NOUN	
2	21	6	" 

"	" 

"	SPACE	
2	21	7	Sustainable	sustainable	ADJ	
2	21	8	development	development	NOUN	
2	21	9	is	be	AUX	
2	21	10	a	a	DET	
2	21	11	basic	basic	ADJ	
2	21	12	condition	condition	NOUN	
2	21	13	that	that	PRON	
2	21	14	affects	affect	VERB	
2	21	15	the	the	DET	
2	21	16	University	University	PROPN	ORG
2	21	17	’s	’s	PART	
2	21	18	"
"	"
"	SPACE	
2	21	19	education	education	NOUN	
2	21	20	,	,	PUNCT	
2	21	21	research	research	NOUN	
2	21	22	,	,	PUNCT	
2	21	23	exter-	exter-	VERB	
2	21	24	" 
"	" 
"	SPACE	
2	21	25	nal	nal	ADJ	
2	21	26	engagement	engagement	NOUN	
2	21	27	and	and	CCONJ	
2	21	28	organisational	organisational	ADJ	
2	21	29	development	development	NOUN	
2	21	30	.	.	PUNCT	
2	22	1	Education	education	NOUN	
2	22	2	equips	equip	VERB	
2	22	3	undergraduate	undergraduate	ADJ	
2	22	4	"
"	"
"	SPACE	
2	22	5	and	and	CCONJ	
2	22	6	postgraduate	postgraduate	VERB	
2	22	7	" 
"	" 
"	SPACE	
2	22	8	students	student	NOUN	
2	22	9	to	to	PART	
2	22	10	meet	meet	VERB	
2	22	11	challenges	challenge	NOUN	
2	22	12	and	and	CCONJ	
2	22	13	promote	promote	VERB	
2	22	14	subject	subject	ADJ	
2	22	15	-	-	PUNCT	
2	22	16	relevant	relevant	ADJ	
2	22	17	perspectives	perspective	NOUN	
2	22	18	on	on	ADP	
2	22	19	"
"	"
"	SPACE	
2	22	20	sustainable	sustainable	ADJ	
2	22	21	development	development	NOUN	
2	22	22	.	.	PUNCT	
2	23	1	Curiosity	curiosity	NOUN	
2	23	2	-	-	PUNCT	
2	23	3	driven	drive	VERB	
2	23	4	research	research	NOUN	
2	23	5	plays	play	VERB	
2	23	6	a	a	DET	
2	23	7	crucial	crucial	ADJ	
2	23	8	role	role	NOUN	
2	23	9	by	by	ADP	
2	23	10	contributing	contribute	VERB	
2	23	11	to	to	ADP	
2	23	12	the	the	DET	
2	23	13	"
"	"
"	SPACE	
2	23	14	understanding	understanding	NOUN	
2	23	15	of	of	ADP	
2	23	16	our	our	PRON	
2	23	17	world	world	NOUN	
2	23	18	and	and	CCONJ	
2	23	19	" 
"	" 
"	SPACE	
2	23	20	thereby	thereby	ADV	
2	23	21	to	to	ADP	
2	23	22	preparatory	preparatory	ADJ	
2	23	23	knowledge	knowledge	NOUN	
2	23	24	for	for	ADP	
2	23	25	already	already	ADV	
2	23	26	recognised	recognise	VERB	
2	23	27	or	or	CCONJ	
2	23	28	currently	currently	ADV	
2	23	29	unknown	unknown	ADJ	
2	23	30	"
"	"
"	SPACE	
2	23	31	future	future	ADJ	
2	23	32	challenges	challenge	NOUN	
2	23	33	.	.	PUNCT	
2	24	1	The	the	DET	
2	24	2	" 
"	" 
"	SPACE	
2	24	3	breadth	breadth	NOUN	
2	24	4	of	of	ADP	
2	24	5	the	the	DET	
2	24	6	University	University	PROPN	ORG
2	24	7	is	be	AUX	
2	24	8	utilised	utilise	VERB	
2	24	9	to	to	PART	
2	24	10	create	create	VERB	
2	24	11	cross	cross	ADJ	
2	24	12	-	-	ADJ	
2	24	13	boundary	boundary	ADJ	
2	24	14	and	and	CCONJ	
2	24	15	"
"	"
"	SPACE	
2	24	16	interdisciplinary	interdisciplinary	ADJ	
2	24	17	research	research	NOUN	
2	24	18	and	and	CCONJ	
2	24	19	edu-	edu-	VERB	CARDINAL
2	24	20	" 
"	" 
"	SPACE	
2	24	21	cation	cation	NOUN	
2	24	22	focusing	focus	VERB	
2	24	23	on	on	ADP	
2	24	24	identified	identify	VERB	
2	24	25	needs	need	NOUN	
2	24	26	for	for	ADP	
2	24	27	knowledge	knowledge	NOUN	
2	24	28	and	and	CCONJ	
2	24	29	sustainable	sustainable	ADJ	
2	24	30	solutions	solution	NOUN	
2	24	31	.	.	PUNCT	
2	25	1	Sustainable	sustainable	ADJ	
2	25	2	development	development	NOUN	
2	25	3	" 
"	" 
"	SPACE	
2	25	4	is	be	AUX	
2	25	5	promoted	promote	VERB	
2	25	6	in	in	ADP	
2	25	7	society	society	NOUN	
2	25	8	by	by	ADP	
2	25	9	making	make	VERB	
2	25	10	research	research	NOUN	
2	25	11	visible	visible	ADJ	
2	25	12	and	and	CCONJ	
2	25	13	participating	participate	VERB	
2	25	14	in	in	ADP	
2	25	15	"
"	"
"	SPACE	
2	25	16	processes	process	NOUN	
2	25	17	where	where	SCONJ	
2	25	18	scientific	scientific	ADJ	
2	25	19	" 
"	" 
"	SPACE	
2	25	20	knowledge	knowledge	NOUN	
2	25	21	informs	inform	NOUN	
2	25	22	decisions	decision	NOUN	
2	25	23	and	and	CCONJ	
2	25	24	supports	support	VERB	
2	25	25	new	new	ADJ	
2	25	26	solutions	solution	NOUN	
2	25	27	.	.	PUNCT	
2	26	1	The	the	DET	
2	26	2	University	university	NOUN	ORG
2	26	3	"
"	"
"	SPACE	
2	26	4	utilises	utilise	VERB	
2	26	5	opportunities	opportunity	NOUN	
2	26	6	to	to	PART	
2	26	7	" 
"	" 
"	SPACE	
2	26	8	strengthen	strengthen	VERB	
2	26	9	all	all	DET	
2	26	10	parts	part	NOUN	
2	26	11	of	of	ADP	
2	26	12	the	the	DET	
2	26	13	organisation	organisation	NOUN	
2	26	14	and	and	CCONJ	
2	26	15	activities	activity	NOUN	
2	26	16	by	by	ADP	
2	26	17	practising	practise	VERB	
2	26	18	what	what	PRON	
2	26	19	it	it	PRON	
2	26	20	"
"	"
"	SPACE	
2	26	21	preaches	preache	NOUN	
2	26	22	and	and	CCONJ	
2	26	23	proactively	proactively	ADV	
2	26	24	" 
"	" 
"	SPACE	
2	26	25	working	work	VERB	
2	26	26	to	to	PART	
2	26	27	develop	develop	VERB	
2	26	28	in	in	ADP	
2	26	29	relation	relation	NOUN	
2	26	30	to	to	ADP	
2	26	31	the	the	DET	
2	26	32	global	global	ADJ	
2	26	33	sustainable	sustainable	ADJ	
2	26	34	development	development	NOUN	
2	26	35	goals	goal	NOUN	
2	26	36	.	.	PUNCT	
2	27	1	The	the	DET	
2	27	2	strategy	strategy	NOUN	
2	27	3	is	be	AUX	
2	27	4	used	use	VERB	
2	27	5	and	and	CCONJ	
2	27	6	" 
"	" 
"	SPACE	
2	27	7	applied	apply	VERB	
2	27	8	in	in	ADP	
2	27	9	all	all	DET	
2	27	10	activities	activity	NOUN	
2	27	11	at	at	ADP	
2	27	12	the	the	DET	
2	27	13	University	University	PROPN	ORG
2	27	14	,	,	PUNCT	
2	27	15	but	but	CCONJ	
2	27	16	how	how	SCONJ	
2	27	17	this	this	PRON	
2	27	18	is	be	AUX	
2	27	19	done	do	VERB	
2	27	20	varies	varie	NOUN	
2	27	21	"
"	"
"	SPACE	
2	27	22	between	between	ADP	
2	27	23	programmes	programme	NOUN	
2	27	24	,	,	PUNCT	
2	27	25	fields	field	NOUN	
2	27	26	of	of	ADP	
2	27	27	" 
"	" 
"	SPACE	
2	27	28	research	research	NOUN	
2	27	29	and	and	CCONJ	
2	27	30	other	other	ADJ	
2	27	31	areas	area	NOUN	
2	27	32	of	of	ADP	
2	27	33	activity	activity	NOUN	
2	27	34	depending	depend	VERB	
2	27	35	on	on	ADP	
2	27	36	their	their	PRON	
2	27	37	content	content	NOUN	
2	27	38	and	and	CCONJ	
2	27	39	form	form	NOUN	
2	27	40	.	.	PUNCT	
2	28	1	2.1	2.1	NUM	CARDINAL
2	28	2	Overall	overall	ADJ	
2	28	3	visions	vision	NOUN	
2	28	4	" 

"	" 

"	SPACE	
2	28	5			NOUN	
2	29	1	Lund	Lund	PROPN	ORG
2	29	2	University	University	PROPN	ORG
2	29	3	integrates	integrate	VERB	
2	29	4	sustainable	sustainable	ADJ	
2	29	5	development	development	NOUN	
2	29	6	in	in	ADP	
2	29	7	its	its	PRON	
2	29	8	education	education	NOUN	
2	29	9	,	,	PUNCT	
2	29	10	"
"	"
"	SPACE	
2	29	11	research	research	NOUN	
2	29	12	,	,	PUNCT	
2	29	13	external	external	ADJ	
2	29	14	engage-	engage-	NOUN	
2	29	15	" 
"	" 
"	SPACE	
2	29	16	ment	ment	NOUN	
2	29	17	and	and	CCONJ	
2	29	18	organisational	organisational	ADJ	
2	29	19	development	development	NOUN	
2	29	20	,	,	PUNCT	
2	29	21	and	and	CCONJ	
2	29	22	the	the	DET	
2	29	23	University	University	PROPN	ORG
2	29	24	’s	’s	PART	
2	29	25	employees	employee	NOUN	
2	29	26	are	be	AUX	
2	29	27	well	well	ADV	
2	29	28	"
"	"
"	SPACE	
2	29	29	aware	aware	ADJ	
2	29	30	of	of	ADP	
2	29	31	their	their	PRON	
2	29	32	" 
"	" 
"	SPACE	
2	29	33	roles	role	NOUN	
2	29	34	in	in	ADP	
2	29	35	this	this	DET	
2	29	36	work	work	NOUN	
2	29	37	.	.	PUNCT	
2	30	1			NOUN	
2	31	1	Lund	Lund	PROPN	ORG
2	31	2	University	University	PROPN	ORG
2	31	3	is	be	AUX	
2	31	4	involved	involve	VERB	
2	31	5	in	in	ADP	
2	31	6	local	local	ADJ	
2	31	7	,	,	PUNCT	
2	31	8	regional	regional	ADJ	
2	31	9	,	,	PUNCT	
2	31	10	national	national	ADJ	
2	31	11	and	and	CCONJ	
2	31	12	global	global	ADJ	
2	31	13	social	social	ADJ	
2	31	14	"
"	"
"	SPACE	
2	31	15	arenas2	arenas2	NOUN	
2	31	16	in	in	ADP	
2	31	17	order	order	NOUN	
2	31	18	for	for	ADP	
2	31	19	" 
"	" 
"	SPACE	
2	31	20	scientific	scientific	ADJ	
2	31	21	knowledge	knowledge	NOUN	
2	31	22	to	to	PART	
2	31	23	provide	provide	VERB	
2	31	24	leverage	leverage	NOUN	
2	31	25	in	in	ADP	
2	31	26	society	society	NOUN	
2	31	27	’s	’s	PART	
2	31	28	striving	strive	VERB	
2	31	29	for	for	ADP	
2	31	30	"
"	"
"	SPACE	
2	31	31	sustainability	sustainability	NOUN	
2	31	32	,	,	PUNCT	
2	31	33	in	in	ADP	
2	31	34	both	both	CCONJ	
2	31	35	the	the	DET	
2	31	36	" 
"	" 
"	SPACE	
2	31	37	short	short	ADJ	
2	31	38	and	and	CCONJ	
2	31	39	long	long	ADJ	
2	31	40	term	term	NOUN	
2	31	41	.	.	PUNCT	
2	32	1			NOUN	
2	33	1	Lund	Lund	PROPN	ORG
2	33	2	University	University	PROPN	ORG
2	33	3	is	be	AUX	
2	33	4	a	a	DET	
2	33	5	prominent	prominent	ADJ	
2	33	6	voice	voice	NOUN	
2	33	7	in	in	ADP	
2	33	8	the	the	DET	
2	33	9	field	field	NOUN	
2	33	10	of	of	ADP	
2	33	11	sustainability	sustainability	NOUN	
2	33	12	within	within	ADP	
2	33	13	"
"	"
"	SPACE	
2	33	14	research	research	NOUN	
2	33	15	and	and	CCONJ	
2	33	16	" 

"	" 

"	SPACE	
2	33	17	teaching	teaching	NOUN	
2	33	18	as	as	ADV	
2	33	19	well	well	ADV	
2	33	20	as	as	ADP	
2	33	21	in	in	ADP	
2	33	22	public	public	ADJ	
2	33	23	debate	debate	NOUN	
2	33	24	and	and	CCONJ	
2	33	25	cultural	cultural	ADJ	
2	33	26	life	life	NOUN	
2	33	27	.	.	PUNCT	
2	34	1			NOUN	
2	35	1	Lund	Lund	PROPN	ORG
2	35	2	University	University	PROPN	ORG
2	35	3	communicates	communicate	VERB	
2	35	4	its	its	PRON	
2	35	5	sustainability	sustainability	NOUN	
2	35	6	-	-	PUNCT	
2	35	7	related	relate	VERB	
2	35	8	work	work	NOUN	
2	35	9	within	within	ADP	
2	35	10	the	the	DET	
2	35	11	"
"	"
"	SPACE	
2	35	12	organisation	organisation	NOUN	
2	35	13	and	and	CCONJ	
2	35	14	to	to	PART	
2	35	15	" 
"	" 
"	SPACE	
2	35	16	wider	wide	ADJ	
2	35	17	society	society	NOUN	
2	35	18	in	in	ADP	
2	35	19	ways	way	NOUN	
2	35	20	that	that	PRON	
2	35	21	make	make	VERB	
2	35	22	it	it	PRON	
2	35	23	easy	easy	ADJ	
2	35	24	to	to	PART	
2	35	25	both	both	PRON	
2	35	26	reach	reach	VERB	
2	35	27	out	out	ADP	
2	35	28	and	and	CCONJ	
2	35	29	gain	gain	VERB	
2	35	30	access	access	NOUN	
2	35	31	to	to	ADP	
2	35	32	"
"	"
"	SPACE	
2	35	33	its	its	PRON	
2	35	34	activities	activity	NOUN	
2	35	35	.	.	PUNCT	
2	36	1	2.2	2.2	NUM	CARDINAL
2	36	2	" 

"	" 

"	SPACE	
2	36	3	Education	Education	PROPN	
2	36	4	and	and	CCONJ	
2	36	5	student	student	NOUN	
2	36	6	participation	participation	NOUN	
2	36	7	" 

"	" 

"	SPACE	
2	36	8	A	a	DET	
2	36	9	basic	basic	ADJ	
2	36	10	understanding	understanding	NOUN	
2	36	11	and	and	CCONJ	
2	36	12	knowledge	knowledge	NOUN	
2	36	13	of	of	ADP	
2	36	14	sustainability	sustainability	NOUN	
2	36	15	is	be	AUX	
2	36	16	included	include	VERB	
2	36	17	in	in	ADP	
2	36	18	"
"	"
"	SPACE	
2	36	19	programmes	programme	NOUN	
2	36	20	in	in	ADP	
2	36	21	all	all	DET	
2	36	22	cycles	cycle	NOUN	
2	36	23	and	and	CCONJ	
2	36	24	" 
"	" 
"	SPACE	
2	36	25	within	within	ADP	
2	36	26	all	all	DET	
2	36	27	subjects	subject	NOUN	
2	36	28	.	.	PUNCT	
2	37	1	This	this	PRON	
2	37	2	contributes	contribute	VERB	
2	37	3	to	to	ADP	
2	37	4	continuous	continuous	ADJ	
2	37	5	reflection	reflection	NOUN	
2	37	6	on	on	ADP	
2	37	7	the	the	DET	
2	37	8	relation	relation	NOUN	
2	37	9	"
"	"
"	SPACE	
2	37	10	between	between	ADP	
2	37	11	education	education	NOUN	
2	37	12	and	and	CCONJ	
2	37	13	" 
"	" 
"	SPACE	
2	37	14	sustainable	sustainable	ADJ	
2	37	15	development	development	NOUN	
2	37	16	so	so	SCONJ	
2	37	17	that	that	SCONJ	
2	37	18	sustainability	sustainability	NOUN	
2	37	19	aspects	aspect	NOUN	
2	37	20	are	be	AUX	
2	37	21	integrated	integrate	VERB	
2	37	22	in	in	ADP	
2	37	23	the	the	DET	
2	37	24	"
"	"
"	SPACE	
2	37	25	students	student	NOUN	
2	37	26	’	’	PART	
2	37	27	future	future	ADJ	
2	37	28	profes-	profes-	ADJ	
2	37	29	" 
"	" 
"	SPACE	
2	37	30	sional	sional	ADJ	
2	37	31	roles	role	NOUN	
2	37	32	.	.	PUNCT	
2	38	1	As	as	ADP	
2	38	2	a	a	DET	
2	38	3	part	part	NOUN	
2	38	4	of	of	ADP	
2	38	5	a	a	DET	
2	38	6	functioning	function	VERB	
2	38	7	student	student	NOUN	
2	38	8	influence	influence	NOUN	
2	38	9	,	,	PUNCT	
2	38	10	students	student	NOUN	
2	38	11	also	also	ADV	
2	38	12	"
"	"
"	SPACE	
2	38	13	participate	participate	VERB	
2	38	14	in	in	ADP	
2	38	15	the	the	DET	
2	38	16	work	work	NOUN	
2	38	17	of	of	ADP	
2	38	18	in-	in-	ADJ	
2	38	19	" 
"	" 
"	SPACE	
2	38	20	tegrating	tegrate	VERB	
2	38	21	sustainable	sustainable	ADJ	
2	38	22	development	development	NOUN	
2	38	23	in	in	ADP	
2	38	24	Lund	Lund	PROPN	ORG
2	38	25	University	University	PROPN	ORG
2	38	26	’s	’s	PART	ORG
2	38	27	activities	activity	NOUN	
2	38	28	.	.	PUNCT	
2	39	1	Visions	vision	NOUN	
2	39	2	for	for	ADP	
2	39	3	education	education	NOUN	
2	39	4	and	and	CCONJ	
2	39	5	student	student	NOUN	
2	39	6	participation	participation	NOUN	
2	39	7	:	:	PUNCT	
2	39	8	" 

"	" 

"	SPACE	
2	39	9	2	2	NUM	CARDINAL
2	39	10	Arenas	Arenas	PROPN	
2	39	11	and	and	CCONJ	
2	39	12	initiatives	initiative	NOUN	
2	39	13	are	be	AUX	
2	39	14	used	use	VERB	
2	39	15	as	as	ADP	
2	39	16	an	an	DET	
2	39	17	overall	overall	ADJ	
2	39	18	collective	collective	ADJ	
2	39	19	term	term	NOUN	
2	39	20	that	that	PRON	
2	39	21	may	may	AUX	
2	39	22	refer	refer	VERB	
2	39	23	"
"	"
"	SPACE	
2	39	24	to	to	ADP	
2	39	25	long	long	ADJ	
2	39	26	-	-	PUNCT	
2	39	27	term	term	NOUN	
2	39	28	or	or	CCONJ	
2	39	29	fixed	fix	VERB	
2	39	30	-	-	PUNCT	
2	39	31	term	term	NOUN	
2	39	32	development	development	NOUN	
2	39	33	work	work	NOUN	
2	39	34	,	,	PUNCT	
2	39	35	" 
"	" 
"	SPACE	
2	39	36	virtual	virtual	ADJ	
2	39	37	or	or	CCONJ	
2	39	38	physical	physical	ADJ	
2	39	39	forums	forum	NOUN	
2	39	40	,	,	PUNCT	
2	39	41	external	external	ADJ	
2	39	42	engagement	engagement	NOUN	
2	39	43	activities	activity	NOUN	
2	39	44	,	,	PUNCT	
2	39	45	etc	etc	X	
2	39	46	.	.	X	
2	40	1	Different	different	ADJ	
2	40	2	"
"	"
"	SPACE	
2	40	3	types	type	NOUN	
2	40	4	of	of	ADP	
2	40	5	initiative	initiative	NOUN	
2	40	6	may	may	AUX	
2	40	7	be	be	AUX	
2	40	8	relevant	relevant	ADJ	
2	40	9	for	for	ADP	
2	40	10	different	different	ADJ	
2	40	11	" 
"	" 
"	SPACE	
2	40	12	parts	part	NOUN	
2	40	13	of	of	ADP	
2	40	14	the	the	DET	
2	40	15	University	University	PROPN	ORG
2	40	16	.	.	PUNCT	
2	41	1	Page	page	NOUN	
2	41	2	3	3	NUM	CARDINAL
2	41	3	"

"	"

"	SPACE	
2	41	4	3	3	NUM	CARDINAL
2	41	5	(	(	PUNCT	
2	41	6	4	4	NUM	CARDINAL
2	41	7	)	)	PUNCT	
2	41	8	" 

"	" 

"	SPACE	
2	41	9			NOUN	
2	42	1	All	all	DET	
2	42	2	students	student	NOUN	
2	42	3	acquire	acquire	VERB	
2	42	4	knowledge	knowledge	NOUN	
2	42	5	and	and	CCONJ	
2	42	6	understanding	understanding	NOUN	
2	42	7	of	of	ADP	
2	42	8	sustainable	sustainable	ADJ	
2	42	9	development	development	NOUN	
2	42	10	"
"	"
"	SPACE	
2	42	11	and	and	CCONJ	
2	42	12	how	how	SCONJ	
2	42	13	their	their	PRON	
2	42	14	" 
"	" 
"	SPACE	
2	42	15	programmes	programme	NOUN	
2	42	16	relate	relate	VERB	
2	42	17	to	to	ADP	
2	42	18	this	this	PRON	
2	42	19	,	,	PUNCT	
2	42	20	and	and	CCONJ	
2	42	21	thereby	thereby	ADV	
2	42	22	contribute	contribute	VERB	
2	42	23	expertise	expertise	NOUN	
2	42	24	in	in	ADP	
2	42	25	their	their	PRON	
2	42	26	future	future	ADJ	
2	42	27	"
"	"
"	SPACE	
2	42	28	roles	role	NOUN	
2	42	29	in	in	ADP	
2	42	30	society	society	NOUN	
2	42	31	.	.	PUNCT	
2	43	1			NOUN	
2	44	1	There	there	PRON	
2	44	2	is	be	VERB	
2	44	3	continuing	continue	VERB	
2	44	4	professional	professional	ADJ	
2	44	5	development	development	NOUN	
2	44	6	within	within	ADP	
2	44	7	sustainable	sustainable	ADJ	
2	44	8	development	development	NOUN	
2	44	9	"
"	"
"	SPACE	
2	44	10	for	for	ADP	
2	44	11	all	all	DET	
2	44	12	" 

"	" 

"	SPACE	
2	44	13	employees	employee	NOUN	
2	44	14	at	at	ADP	
2	44	15	Lund	Lund	PROPN	ORG
2	44	16	University	University	PROPN	ORG
2	44	17	.	.	PUNCT	
2	45	1			NOUN	
2	46	1	The	the	DET	
2	46	2	University	University	PROPN	ORG
2	46	3	supports	support	VERB	
2	46	4	student	student	NOUN	
2	46	5	initiatives	initiative	NOUN	
2	46	6	in	in	ADP	
2	46	7	sustainable	sustainable	ADJ	
2	46	8	development	development	NOUN	
2	46	9	and	and	CCONJ	
2	46	10	"
"	"
"	SPACE	
2	46	11	there	there	PRON	
2	46	12	are	be	VERB	
2	46	13	op-	op-	X	
2	46	14	" 
"	" 
"	SPACE	
2	46	15	portunities	portunitie	NOUN	
2	46	16	for	for	SCONJ	
2	46	17	students	student	NOUN	
2	46	18	to	to	PART	
2	46	19	participate	participate	VERB	
2	46	20	in	in	ADP	
2	46	21	work	work	NOUN	
2	46	22	to	to	PART	
2	46	23	achieve	achieve	VERB	
2	46	24	the	the	DET	
2	46	25	goals	goal	NOUN	
2	46	26	of	of	ADP	
2	46	27	the	the	DET	
2	46	28	"
"	"
"	SPACE	
2	46	29	strategy	strategy	NOUN	
2	46	30	.	.	PUNCT	
2	47	1	2.3	2.3	NUM	ORG
2	47	2	Research	Research	PROPN	ORG
2	47	3	" 

"	" 

"	SPACE	ORG
2	47	4	Lund	Lund	PROPN	ORG
2	47	5	University	University	PROPN	ORG
2	47	6	’s	’s	PART	ORG
2	47	7	research	research	NOUN	
2	47	8	develops	develop	VERB	
2	47	9	relevant	relevant	ADJ	
2	47	10	scientific	scientific	ADJ	
2	47	11	knowledge	knowledge	NOUN	
2	47	12	that	that	PRON	
2	47	13	"
"	"
"	SPACE	
2	47	14	increases	increase	VERB	
2	47	15	understanding	understanding	NOUN	
2	47	16	of	of	ADP	
2	47	17	" 
"	" 
"	SPACE	
2	47	18	problems	problem	NOUN	
2	47	19	related	relate	VERB	
2	47	20	to	to	ADP	
2	47	21	sustainable	sustainable	ADJ	
2	47	22	development	development	NOUN	
2	47	23	,	,	PUNCT	
2	47	24	the	the	DET	
2	47	25	possible	possible	ADJ	
2	47	26	solutions	solution	NOUN	
2	47	27	that	that	PRON	
2	47	28	exist	exist	VERB	
2	47	29	"
"	"
"	SPACE	
2	47	30	and	and	CCONJ	
2	47	31	the	the	DET	
2	47	32	potential	potential	ADJ	
2	47	33	unde-	unde-	ADJ	
2	47	34	" 
"	" 
"	SPACE	
2	47	35	sirable	sirable	NOUN	
2	47	36	effects	effect	NOUN	
2	47	37	of	of	ADP	
2	47	38	solutions	solution	NOUN	
2	47	39	that	that	PRON	
2	47	40	can	can	AUX	
2	47	41	arise	arise	VERB	
2	47	42	.	.	PUNCT	
2	48	1	As	as	SCONJ	
2	48	2	sustainability	sustainability	NOUN	
2	48	3	-	-	PUNCT	
2	48	4	related	relate	VERB	
2	48	5	"
"	"
"	SPACE	
2	48	6	problems	problem	NOUN	
2	48	7	are	be	AUX	
2	48	8	complex	complex	ADJ	
2	48	9	and	and	CCONJ	
2	48	10	the	the	DET	
2	48	11	so-	so-	NOUN	
2	48	12	" 
"	" 
"	SPACE	
2	48	13	lution	lution	NOUN	
2	48	14	to	to	ADP	
2	48	15	a	a	DET	
2	48	16	problem	problem	NOUN	
2	48	17	can	can	AUX	
2	48	18	sometimes	sometimes	ADV	
2	48	19	cause	cause	VERB	
2	48	20	another	another	PRON	
2	48	21	,	,	PUNCT	
2	48	22	Lund	Lund	PROPN	ORG
2	48	23	University	University	PROPN	ORG
2	48	24	also	also	ADV	
2	48	25	develops	develop	VERB	
2	48	26	"
"	"
"	SPACE	
2	48	27	research	research	NOUN	
2	48	28	that	that	SCONJ	
2	48	29	in-	in-	ADP	
2	48	30	" 
"	" 
"	SPACE	
2	48	31	crease	crease	ADJ	
2	48	32	understanding	understanding	NOUN	
2	48	33	of	of	ADP	
2	48	34	such	such	ADJ	
2	48	35	connections	connection	NOUN	
2	48	36	.	.	PUNCT	
2	49	1	An	an	DET	
2	49	2	important	important	ADJ	
2	49	3	component	component	NOUN	
2	49	4	in	in	ADP	
2	49	5	the	the	DET	
2	49	6	"
"	"
"	SPACE	
2	49	7	University	University	PROPN	ORG
2	49	8	’s	’s	PART	
2	49	9	research	research	NOUN	
2	49	10	is	be	AUX	
2	49	11	to	to	PART	
2	49	12	" 
"	" 
"	SPACE	
2	49	13	use	use	VERB	
2	49	14	scientific	scientific	ADJ	
2	49	15	facts	fact	NOUN	
2	49	16	and	and	CCONJ	
2	49	17	a	a	DET	
2	49	18	broad	broad	ADJ	
2	49	19	approach	approach	NOUN	
2	49	20	to	to	AUX	
2	49	21	critically	critically	ADV	
2	49	22	review	review	VERB	
2	49	23	society	society	NOUN	
2	49	24	’s	’s	PART	
2	49	25	"
"	"
"	SPACE	
2	49	26	problem	problem	NOUN	
2	49	27	monitoring	monitoring	NOUN	
2	49	28	and	and	CCONJ	
2	49	29	deci-	deci-	PRON	
2	49	30	" 
"	" 
"	SPACE	
2	49	31	sions	sion	NOUN	
2	49	32	in	in	ADP	
2	49	33	the	the	DET	
2	49	34	area	area	NOUN	
2	49	35	of	of	ADP	
2	49	36	sustainability	sustainability	NOUN	
2	49	37	.	.	PUNCT	
2	50	1	The	the	DET	
2	50	2	University	University	PROPN	ORG
2	50	3	’s	’s	PART	
2	50	4	research	research	NOUN	
2	50	5	is	be	AUX	
2	50	6	both	both	PRON	
2	50	7	"
"	"
"	SPACE	
2	50	8	critical	critical	ADJ	
2	50	9	and	and	CCONJ	
2	50	10	solution	solution	NOUN	
2	50	11	-	-	PUNCT	
2	50	12	oriented	orient	VERB	
2	50	13	and	and	CCONJ	
2	50	14	" 
"	" 
"	SPACE	
2	50	15	generates	generate	VERB	
2	50	16	knowledge	knowledge	NOUN	
2	50	17	that	that	PRON	
2	50	18	contributes	contribute	VERB	
2	50	19	to	to	ADP	
2	50	20	new	new	ADJ	
2	50	21	perspectives	perspective	NOUN	
2	50	22	on	on	ADP	
2	50	23	sustainable	sustainable	ADJ	
2	50	24	"
"	"
"	SPACE	
2	50	25	development	development	NOUN	
2	50	26	.	.	PUNCT	
2	51	1	Both	both	PRON	
2	51	2	curios-	curios-	VERB	
2	51	3	" 
"	" 
"	SPACE	
2	51	4	ity	ity	NOUN	
2	51	5	-	-	PUNCT	
2	51	6	driven	drive	VERB	
2	51	7	and	and	CCONJ	
2	51	8	needs	need	NOUN	
2	51	9	-	-	PUNCT	
2	51	10	based	base	VERB	
2	51	11	research	research	NOUN	
2	51	12	form	form	NOUN	
2	51	13	the	the	DET	
2	51	14	starting	starting	NOUN	
2	51	15	point	point	NOUN	
2	51	16	and	and	CCONJ	
2	51	17	inspiration	inspiration	NOUN	
2	51	18	"
"	"
"	SPACE	
2	51	19	for	for	ADP	
2	51	20	interdisciplinary	interdisciplinary	ADJ	
2	51	21	and	and	CCONJ	
2	51	22	" 
"	" 
"	SPACE	
2	51	23	cross	cross	ADJ	
2	51	24	-	-	ADJ	
2	51	25	boundary	boundary	ADJ	
2	51	26	research	research	NOUN	
2	51	27	that	that	PRON	
2	51	28	is	be	AUX	
2	51	29	responsive	responsive	ADJ	
2	51	30	to	to	ADP	
2	51	31	society	society	NOUN	
2	51	32	’s	’s	PART	
2	51	33	knowledge	knowledge	NOUN	
2	51	34	needs	need	NOUN	
2	51	35	"
"	"
"	SPACE	
2	51	36	concerning	concern	VERB	
2	51	37	sustainable	sustainable	ADJ	
2	51	38	de-	de-	PROPN	
2	51	39	" 
"	" 
"	SPACE	
2	51	40	velopment	velopment	NOUN	
2	51	41	.	.	PUNCT	
2	51	42	" 

"	" 

"	SPACE	
2	51	43	Visions	vision	NOUN	
2	51	44	for	for	ADP	
2	51	45	research	research	NOUN	
2	51	46	:	:	PUNCT	
2	51	47	" 

"	" 

"	SPACE	
2	51	48			PUNCT	
2	51	49	Research	research	NOUN	
2	51	50	of	of	ADP	
2	51	51	the	the	DET	
2	51	52	highest	high	ADJ	
2	51	53	quality	quality	NOUN	
2	51	54	creates	create	VERB	
2	51	55	the	the	DET	
2	51	56	basic	basic	ADJ	
2	51	57	knowledge	knowledge	NOUN	
2	51	58	about	about	ADP	
2	51	59	,	,	PUNCT	
2	51	60	and	and	CCONJ	
2	51	61	"
"	"
"	SPACE	
2	51	62	innovative	innovative	ADJ	
2	51	63	solu-	solu-	ADJ	
2	51	64	" 

"	" 

"	SPACE	
2	51	65	tions	tion	NOUN	
2	51	66	to	to	ADP	
2	51	67	,	,	PUNCT	
2	51	68	sustainability	sustainability	NOUN	
2	51	69	-	-	PUNCT	
2	51	70	related	relate	VERB	
2	51	71	problems	problem	NOUN	
2	51	72	.	.	PUNCT	
2	52	1			NOUN	
2	53	1	The	the	DET	
2	53	2	University	University	PROPN	ORG
2	53	3	’s	’s	PART	
2	53	4	researchers	researcher	NOUN	
2	53	5	are	be	AUX	
2	53	6	well	well	ADV	
2	53	7	aware	aware	ADJ	
2	53	8	of	of	ADP	
2	53	9	the	the	DET	
2	53	10	relevance	relevance	NOUN	
2	53	11	of	of	ADP	
2	53	12	their	their	PRON	
2	53	13	own	own	ADJ	
2	53	14	"
"	"
"	SPACE	
2	53	15	research	research	NOUN	
2	53	16	to	to	ADP	
2	53	17	sustain-	sustain-	ADJ	
2	53	18	" 
"	" 
"	SPACE	
2	53	19	able	able	ADJ	
2	53	20	development	development	NOUN	
2	53	21	and	and	CCONJ	
2	53	22	how	how	SCONJ	
2	53	23	their	their	PRON	
2	53	24	research	research	NOUN	
2	53	25	relates	relate	VERB	
2	53	26	to	to	ADP	
2	53	27	other	other	ADJ	
2	53	28	fields	field	NOUN	
2	53	29	of	of	ADP	
2	53	30	research	research	NOUN	
2	53	31	"
"	"
"	SPACE	
2	53	32	concerning	concern	VERB	
2	53	33	sus-	sus-	ADJ	
2	53	34	" 
"	" 
"	SPACE	
2	53	35	tainable	tainable	NOUN	
2	53	36	development	development	NOUN	
2	53	37	.	.	PUNCT	
2	54	1			PUNCT	
2	54	2	Forms	form	NOUN	
2	54	3	of	of	ADP	
2	54	4	interdisciplinary	interdisciplinary	ADJ	
2	54	5	and	and	CCONJ	
2	54	6	cross	cross	ADJ	
2	54	7	-	-	ADJ	
2	54	8	boundary	boundary	ADJ	
2	54	9	research	research	NOUN	
2	54	10	on	on	ADP	
2	54	11	sustainable	sustainable	ADJ	
2	54	12	"
"	"
"	SPACE	
2	54	13	development	development	NOUN	
2	54	14	are	be	AUX	
2	54	15	well	well	ADV	
2	54	16	" 
"	" 
"	SPACE	
2	54	17	developed	develop	VERB	
2	54	18	,	,	PUNCT	
2	54	19	which	which	PRON	
2	54	20	among	among	ADP	
2	54	21	other	other	ADJ	
2	54	22	things	thing	NOUN	
2	54	23	entails	entail	VERB	
2	54	24	dedicated	dedicated	ADJ	
2	54	25	initiatives2	initiatives2	NOUN	ORG
2	54	26	that	that	PRON	
2	54	27	bring	bring	VERB	
2	54	28	"
"	"
"	SPACE	
2	54	29	together	together	ADV	
2	54	30	re-	re-	ADP	
2	54	31	" 
"	" 
"	SPACE	
2	54	32	search	search	NOUN	
2	54	33	at	at	ADP	
2	54	34	various	various	ADJ	
2	54	35	faculties	faculty	NOUN	
2	54	36	.	.	PUNCT	
2	55	1			VERB	
2	55	2	Strategic	strategic	ADJ	ORG
2	55	3	external	external	ADJ	
2	55	4	engagement	engagement	NOUN	
2	55	5	with	with	ADP	
2	55	6	a	a	DET	
2	55	7	broad	broad	ADJ	
2	55	8	spectrum	spectrum	NOUN	
2	55	9	of	of	ADP	
2	55	10	collaborating	collaborate	VERB	
2	55	11	parties	party	NOUN	
2	55	12	"
"	"
"	SPACE	
2	55	13	helps	help	VERB	
2	55	14	to	to	PART	
2	55	15	" 
"	" 
"	SPACE	
2	55	16	identify	identify	VERB	
2	55	17	research	research	NOUN	
2	55	18	needs	need	NOUN	
2	55	19	for	for	ADP	
2	55	20	sustainable	sustainable	ADJ	
2	55	21	development	development	NOUN	
2	55	22	and	and	CCONJ	
2	55	23	to	to	PART	
2	55	24	produce	produce	VERB	
2	55	25	knowledge	knowledge	NOUN	
2	55	26	"
"	"
"	SPACE	
2	55	27	that	that	PRON	
2	55	28	" 
"	" 
"	SPACE	
2	55	29	meets	meet	VERB	
2	55	30	these	these	DET	
2	55	31	needs	need	NOUN	
2	55	32	.	.	PUNCT	
2	56	1	2.4	2.4	NUM	CARDINAL
2	56	2	" 

"	" 

"	SPACE	
2	56	3	External	external	ADJ	
2	56	4	engagement	engagement	NOUN	
2	56	5	" 

"	" 

"	SPACE	
2	56	6	Lund	Lund	PROPN	ORG
2	56	7	University	University	PROPN	ORG
2	56	8	is	be	AUX	
2	56	9	involved	involve	VERB	
2	56	10	in	in	ADP	
2	56	11	strong	strong	ADJ	
2	56	12	external	external	ADJ	
2	56	13	engagement	engagement	NOUN	
2	56	14	regarding	regard	VERB	
2	56	15	"
"	"
"	SPACE	
2	56	16	sustainable	sustainable	ADJ	
2	56	17	development	development	NOUN	
2	56	18	issues	issue	NOUN	
2	56	19	" 
"	" 
"	SPACE	
2	56	20	with	with	ADP	
2	56	21	an	an	DET	
2	56	22	aim	aim	NOUN	
2	56	23	to	to	PART	
2	56	24	identify	identify	VERB	
2	56	25	areas	area	NOUN	
2	56	26	in	in	ADP	
2	56	27	need	need	NOUN	
2	56	28	of	of	ADP	
2	56	29	research	research	NOUN	
2	56	30	and	and	CCONJ	
2	56	31	education	education	NOUN	
2	56	32	.	.	PUNCT	
2	57	1	This	this	DET	
2	57	2	external	external	ADJ	
2	57	3	"
"	"
"	SPACE	
2	57	4	engagement	engagement	NOUN	
2	57	5	contributes	contribute	VERB	
2	57	6	" 
"	" 
"	SPACE	
2	57	7	to	to	PART	
2	57	8	research	research	VERB	
2	57	9	being	be	AUX	
2	57	10	used	use	VERB	
2	57	11	to	to	PART	
2	57	12	support	support	VERB	
2	57	13	decisions	decision	NOUN	
2	57	14	and	and	CCONJ	
2	57	15	for	for	ADP	
2	57	16	critical	critical	ADJ	
2	57	17	analysis	analysis	NOUN	
2	57	18	of	of	ADP	
2	57	19	"
"	"
"	SPACE	
2	57	20	issues	issue	NOUN	
2	57	21	relating	relate	VERB	
2	57	22	to	to	ADP	
2	57	23	sustainable	sustainable	ADJ	
2	57	24	" 
"	" 
"	SPACE	
2	57	25	development	development	NOUN	
2	57	26	.	.	PUNCT	
2	58	1	This	this	PRON	
2	58	2	is	be	AUX	
2	58	3	achieved	achieve	VERB	
2	58	4	by	by	ADP	
2	58	5	employees	employee	NOUN	
2	58	6	taking	take	VERB	
2	58	7	part	part	NOUN	
2	58	8	in	in	ADP	
2	58	9	relevant	relevant	ADJ	
2	58	10	local	local	ADJ	
2	58	11	,	,	PUNCT	
2	58	12	"
"	"
"	SPACE	
2	58	13	regional	regional	ADJ	
2	58	14	,	,	PUNCT	
2	58	15	national	national	ADJ	
2	58	16	and	and	CCONJ	
2	58	17	" 
"	" 
"	SPACE	
2	58	18	global	global	ADJ	
2	58	19	arenas	arena	NOUN	
2	58	20	and	and	CCONJ	
2	58	21	there	there	ADV	
2	58	22	engaging	engage	VERB	
2	58	23	in	in	ADP	
2	58	24	discussions	discussion	NOUN	
2	58	25	with	with	ADP	
2	58	26	a	a	DET	
2	58	27	broad	broad	ADJ	
2	58	28	spectrum	spectrum	NOUN	
2	58	29	of	of	ADP	
2	58	30	"
"	"
"	SPACE	
2	58	31	organisations	organisation	NOUN	
2	58	32	in	in	ADP	
2	58	33	society3	society3	PROPN	PERSON
2	58	34	,	,	PUNCT	
2	58	35	" 
"	" 
"	SPACE	
2	58	36	making	make	VERB	
2	58	37	available	available	ADJ	
2	58	38	new	new	ADJ	
2	58	39	knowledge	knowledge	NOUN	
2	58	40	that	that	PRON	
2	58	41	can	can	AUX	
2	58	42	support	support	VERB	
2	58	43	decisions	decision	NOUN	
2	58	44	,	,	PUNCT	
2	58	45	collaborating	collaborate	VERB	
2	58	46	on	on	ADP	
2	58	47	"
"	"
"	SPACE	
2	58	48	the	the	DET	
2	58	49	development	development	NOUN	
2	58	50	of	of	ADP	
2	58	51	" 
"	" 
"	SPACE	
2	58	52	solutions	solution	NOUN	
2	58	53	that	that	PRON	
2	58	54	create	create	VERB	
2	58	55	sustainable	sustainable	ADJ	
2	58	56	development	development	NOUN	
2	58	57	,	,	PUNCT	
2	58	58	and	and	CCONJ	
2	58	59	identifying	identify	VERB	
2	58	60	new	new	ADJ	
2	58	61	research	research	NOUN	
2	58	62	"
"	"
"	SPACE	
2	58	63	and	and	CCONJ	
2	58	64	education	education	NOUN	
2	58	65	needs	need	NOUN	
2	58	66	.	.	PUNCT	
2	59	1	Visions	vision	NOUN	
2	59	2	for	for	ADP	
2	59	3	external	external	ADJ	
2	59	4	engagement	engagement	NOUN	
2	59	5	:	:	PUNCT	
2	59	6	" 

"	" 

"	SPACE	
2	59	7			NOUN	
2	60	1	Lund	Lund	PROPN	ORG
2	60	2	University	University	PROPN	ORG
2	60	3	generates	generate	VERB	
2	60	4	knowledge	knowledge	NOUN	
2	60	5	that	that	PRON	
2	60	6	is	be	AUX	
2	60	7	relevant	relevant	ADJ	
2	60	8	for	for	ADP	
2	60	9	sustainable	sustainable	ADJ	
2	60	10	"
"	"
"	SPACE	
2	60	11	development	development	NOUN	
2	60	12	in	in	ADP	
2	60	13	collaboration	collaboration	NOUN	
2	60	14	" 

"	" 

"	SPACE	
2	60	15	3	3	NUM	CARDINAL
2	60	16	E.g.	E.g.	PROPN	
2	60	17	other	other	ADJ	
2	60	18	higher	high	ADJ	
2	60	19	education	education	NOUN	
2	60	20	institutions	institution	NOUN	
2	60	21	,	,	PUNCT	
2	60	22	public	public	ADJ	
2	60	23	authorities	authority	NOUN	
2	60	24	,	,	PUNCT	
2	60	25	the	the	DET	
2	60	26	business	business	NOUN	
2	60	27	"
"	"
"	SPACE	
2	60	28	sector	sector	NOUN	
2	60	29	,	,	PUNCT	
2	60	30	civil	civil	ADJ	
2	60	31	society	society	NOUN	
2	60	32	and	and	CCONJ	
2	60	33	citizens	citizen	NOUN	
2	60	34	.	.	PUNCT	
2	61	1	Page	page	NOUN	ORG
2	61	2	4	4	NUM	ORG
2	61	3	"

"	"

"	SPACE	ORG
2	61	4	4	4	NUM	CARDINAL
2	61	5	(	(	PUNCT	
2	61	6	4	4	NUM	CARDINAL
2	61	7	)	)	PUNCT	
2	61	8	" 

"	" 

"	SPACE	
2	61	9	with	with	ADP	
2	61	10	organisations	organisation	NOUN	
2	61	11	in	in	ADP	
2	61	12	society	society	NOUN	
2	61	13	,	,	PUNCT	
2	61	14	but	but	CCONJ	
2	61	15	also	also	ADV	
2	61	16	contributes	contribute	VERB	
2	61	17	by	by	ADP	
2	61	18	critically	critically	ADV	
2	61	19	reviewing	review	VERB	
2	61	20	"
"	"
"	SPACE	
2	61	21	society	society	NOUN	
2	61	22	’s	’s	PART	
2	61	23	ef-	ef-	ADJ	
2	61	24	" 
"	" 
"	SPACE	
2	61	25	forts	fort	NOUN	
2	61	26	regarding	regard	VERB	
2	61	27	sustainable	sustainable	ADJ	
2	61	28	development	development	NOUN	
2	61	29	.	.	PUNCT	
2	62	1			PUNCT	
2	62	2	Researchers	researcher	NOUN	
2	62	3	at	at	ADP	
2	62	4	Lund	Lund	PROPN	
2	62	5	University	University	PROPN	
2	62	6	play	play	VERB	
2	62	7	a	a	DET	
2	62	8	prominent	prominent	ADJ	
2	62	9	part	part	NOUN	
2	62	10	in	in	ADP	
2	62	11	sustainability-	sustainability-	PROPN	
2	62	12	"
"	"
"	SPACE	
2	62	13	related	relate	VERB	
2	62	14	local	local	ADJ	
2	62	15	,	,	PUNCT	
2	62	16	re-	re-	ADV	
2	62	17	" 

"	" 

"	SPACE	
2	62	18	gional	gional	ADJ	
2	62	19	,	,	PUNCT	
2	62	20	national	national	ADJ	
2	62	21	and	and	CCONJ	
2	62	22	global	global	ADJ	
2	62	23	arenas	arena	NOUN	
2	62	24	by	by	ADP	
2	62	25	compiling	compile	VERB	
2	62	26	knowledge	knowledge	NOUN	
2	62	27	,	,	PUNCT	
2	62	28	drawing	draw	VERB	
2	62	29	up	up	ADP	
2	62	30	research	research	NOUN	
2	62	31	"
"	"
"	SPACE	
2	62	32	agendas	agenda	NOUN	
2	62	33	,	,	PUNCT	
2	62	34	" 
"	" 
"	SPACE	
2	62	35	and	and	CCONJ	
2	62	36	as	as	ADP	
2	62	37	experts	expert	NOUN	
2	62	38	.	.	PUNCT	
2	63	1			PUNCT	
2	63	2	Dynamic	dynamic	ADJ	
2	63	3	and	and	CCONJ	
2	63	4	integrating	integrate	VERB	
2	63	5	arenas	arena	NOUN	
2	63	6	for	for	ADP	
2	63	7	external	external	ADJ	
2	63	8	engagement	engagement	NOUN	
2	63	9	with	with	ADP	
2	63	10	public	public	ADJ	
2	63	11	"
"	"
"	SPACE	
2	63	12	authorities	authority	NOUN	
2	64	1	,	,	PUNCT	
2	64	2	the	the	DET	
2	64	3	busi-	busi-	NOUN	
2	64	4	" 
"	" 
"	SPACE	
2	64	5	ness	ness	ADJ	
2	64	6	sector	sector	NOUN	
2	64	7	and	and	CCONJ	
2	64	8	civil	civil	ADJ	
2	64	9	society	society	NOUN	
2	64	10	are	be	AUX	
2	64	11	used	use	VERB	
2	64	12	to	to	PART	
2	64	13	jointly	jointly	ADV	
2	64	14	contribute	contribute	VERB	
2	64	15	to	to	ADP	
2	64	16	sustainable	sustainable	ADJ	
2	64	17	"
"	"
"	SPACE	
2	64	18	development	development	NOUN	
2	64	19	.	.	PUNCT	
2	65	1			NOUN	
2	66	1	Lund	Lund	PROPN	ORG
2	66	2	University	University	PROPN	ORG
2	66	3	provides	provide	VERB	
2	66	4	resources	resource	NOUN	
2	66	5	for	for	ADP	
2	66	6	academic	academic	ADJ	
2	66	7	capacity	capacity	NOUN	
2	66	8	development	development	NOUN	
2	66	9	in	in	ADP	
2	66	10	"
"	"
"	SPACE	
2	66	11	developing	develop	VERB	
2	66	12	" 

"	" 

"	SPACE	
2	66	13	countries	country	NOUN	
2	66	14	through	through	ADP	
2	66	15	partnerships	partnership	NOUN	
2	66	16	and	and	CCONJ	
2	66	17	student	student	NOUN	
2	66	18	and	and	CCONJ	
2	66	19	teaching	teaching	NOUN	
2	66	20	staff	staff	NOUN	
2	66	21	exchanges	exchange	NOUN	
2	66	22	.	.	PUNCT	
2	66	23	" 

"	" 

"	SPACE	
2	66	24	2.5	2.5	NUM	CARDINAL
2	66	25	" 

"	" 

"	SPACE	
2	66	26	A	a	DET	
2	66	27	sustainable	sustainable	ADJ	
2	66	28	organisation	organisation	NOUN	
2	66	29	" 

"	" 

"	SPACE	
2	66	30	Lund	Lund	PROPN	ORG
2	66	31	University	University	PROPN	ORG
2	66	32	’s	’s	PART	ORG
2	66	33	operations	operation	NOUN	
2	66	34	strive	strive	VERB	
2	66	35	to	to	PART	
2	66	36	constantly	constantly	ADV	
2	66	37	improve	improve	VERB	
2	66	38	their	their	PRON	
2	66	39	sustainability	sustainability	NOUN	
2	66	40	"
"	"
"	SPACE	
2	66	41	management	management	NOUN	
2	66	42	and	and	CCONJ	
2	66	43	" 
"	" 
"	SPACE	
2	66	44	show	show	VERB	
2	66	45	in	in	ADP	
2	66	46	concrete	concrete	ADJ	
2	66	47	terms	term	NOUN	
2	66	48	that	that	SCONJ	
2	66	49	sustainable	sustainable	ADJ	
2	66	50	development	development	NOUN	
2	66	51	works	work	VERB	
2	66	52	in	in	ADP	
2	66	53	practice	practice	NOUN	
2	66	54	.	.	PUNCT	
2	67	1	The	the	DET	
2	67	2	"
"	"
"	SPACE	
2	67	3	work	work	NOUN	
2	67	4	and	and	CCONJ	
2	67	5	study	study	VERB	
2	67	6	envi-	envi-	PROPN	
2	67	7	" 
"	" 
"	SPACE	
2	67	8	ronment	ronment	NOUN	
2	67	9	is	be	AUX	
2	67	10	inclusive	inclusive	ADJ	
2	67	11	,	,	PUNCT	
2	67	12	enriching	enrich	VERB	
2	67	13	,	,	PUNCT	
2	67	14	stimulating	stimulating	ADJ	
2	67	15	,	,	PUNCT	
2	67	16	safe	safe	ADJ	
2	67	17	and	and	CCONJ	
2	67	18	secure	secure	ADJ	
2	67	19	.	.	PUNCT	
2	68	1	The	the	DET	
2	68	2	"
"	"
"	SPACE	
2	68	3	international	international	ADJ	
2	68	4	environment	environment	NOUN	
2	68	5	that	that	PRON	
2	68	6	" 
"	" 
"	SPACE	
2	68	7	characterises	characterise	VERB	
2	68	8	Lund	Lund	PROPN	ORG
2	68	9	University	University	PROPN	ORG
2	68	10	contributes	contribute	VERB	
2	68	11	to	to	ADP	
2	68	12	promoting	promote	VERB	
2	68	13	,	,	PUNCT	
2	68	14	spreading	spread	VERB	
2	68	15	and	and	CCONJ	
2	68	16	"
"	"
"	SPACE	
2	68	17	deepening	deepen	VERB	
2	68	18	a	a	DET	
2	68	19	positive	positive	ADJ	
2	68	20	under-	under-	NOUN	
2	68	21	" 
"	" 
"	SPACE	
2	68	22	standing	standing	NOUN	
2	68	23	of	of	ADP	
2	68	24	other	other	ADJ	
2	68	25	cultures	culture	NOUN	
2	68	26	,	,	PUNCT	
2	68	27	ideologies	ideology	NOUN	
2	68	28	and	and	CCONJ	
2	68	29	frames	frame	NOUN	
2	68	30	of	of	ADP	
2	68	31	reference	reference	NOUN	
2	68	32	for	for	ADP	
2	68	33	human	human	ADJ	
2	68	34	"
"	"
"	SPACE	
2	68	35	behaviour	behaviour	NOUN	
2	68	36	.	.	PUNCT	
2	69	1	Visions	vision	NOUN	
2	69	2	for	for	ADP	
2	69	3	the	the	DET	
2	69	4	organisation	organisation	NOUN	
2	69	5	:	:	PUNCT	
2	69	6	" 

"	" 

"	SPACE	
2	69	7			NOUN	
2	70	1	Lund	Lund	PROPN	ORG
2	70	2	University	University	PROPN	ORG
2	70	3	maintains	maintain	VERB	
2	70	4	a	a	DET	
2	70	5	good	good	ADJ	
2	70	6	,	,	PUNCT	
2	70	7	safe	safe	ADJ	
2	70	8	,	,	PUNCT	
2	70	9	secure	secure	ADJ	
2	70	10	and	and	CCONJ	
2	70	11	accessible	accessible	ADJ	
2	70	12	work	work	NOUN	
2	70	13	"
"	"
"	SPACE	
2	70	14	environment	environment	NOUN	
2	70	15	in	in	ADP	
2	70	16	all	all	DET	
2	70	17	respects	respect	NOUN	
2	70	18	.	.	PUNCT	
2	71	1			NOUN	
2	72	1	Lund	Lund	PROPN	ORG
2	72	2	University	University	PROPN	ORG
2	72	3	is	be	AUX	
2	72	4	a	a	DET	
2	72	5	resource	resource	NOUN	
2	72	6	-	-	PUNCT	
2	72	7	efficient	efficient	ADJ	
2	72	8	organisation	organisation	NOUN	
2	72	9	,	,	PUNCT	
2	72	10	with	with	ADP	
2	72	11	a	a	DET	
2	72	12	minimised	minimised	ADJ	
2	72	13	"
"	"
"	SPACE	
2	72	14	climate	climate	NOUN	
2	72	15	and	and	CCONJ	
2	72	16	environmental	environmental	ADJ	
2	72	17	" 

"	" 

"	SPACE	
2	72	18	impact	impact	NOUN	
2	72	19	.	.	PUNCT	
2	73	1			PUNCT	
2	73	2	Activities	activity	NOUN	
2	73	3	at	at	ADP	
2	73	4	Lund	Lund	PROPN	ORG
2	73	5	University	University	PROPN	ORG
2	73	6	are	be	AUX	
2	73	7	based	base	VERB	
2	73	8	on	on	ADP	
2	73	9	gender	gender	NOUN	
2	73	10	equality	equality	NOUN	
2	73	11	,	,	PUNCT	
2	73	12	equal	equal	ADJ	
2	73	13	"
"	"
"	SPACE	
2	73	14	opportunities	opportunity	NOUN	
2	73	15	and	and	CCONJ	
2	73	16	diversity	diversity	NOUN	
2	73	17	" 

"	" 

"	SPACE	
2	73	18	and	and	CCONJ	
2	73	19	use	use	VERB	
2	73	20	the	the	DET	
2	73	21	strengths	strength	NOUN	
2	73	22	that	that	SCONJ	
2	73	23	this	this	PRON	
2	73	24	entails	entail	VERB	
2	73	25	.	.	PUNCT	
2	74	1			NOUN	
2	75	1	Lund	Lund	PROPN	ORG
2	75	2	University	University	PROPN	ORG
2	75	3	works	work	VERB	
2	75	4	for	for	ADP	
2	75	5	the	the	DET	
2	75	6	integration	integration	NOUN	
2	75	7	of	of	ADP	
2	75	8	new	new	ADJ	
2	75	9	arrivals	arrival	NOUN	
2	75	10	in	in	ADP	
2	75	11	Sweden	Sweden	PROPN	GPE
2	75	12	and	and	CCONJ	
2	75	13	"
"	"
"	SPACE	
2	75	14	their	their	PRON	
2	75	15	entry	entry	NOUN	
2	75	16	into	into	ADP	
2	75	17	" 

"	" 

"	SPACE	
2	75	18	working	work	VERB	
2	75	19	life	life	NOUN	
2	75	20	,	,	PUNCT	
2	75	21	including	include	VERB	
2	75	22	academics	academic	NOUN	
2	75	23	.	.	PUNCT	
2	76	1	3\.	3\.	NUM	CARDINAL
2	76	2	Implementation	implementation	NOUN	
2	76	3	and	and	CCONJ	
2	76	4	follow	follow	VERB	
2	76	5	up	up	ADP	
2	76	6	" 

"	" 

"	SPACE	
2	76	7	The	the	DET	
2	76	8	strategy	strategy	NOUN	
2	76	9	for	for	ADP	
2	76	10	sustainable	sustainable	ADJ	
2	76	11	development	development	NOUN	
2	76	12	affects	affect	NOUN	
2	76	13	,	,	PUNCT	
2	76	14	and	and	CCONJ	
2	76	15	sets	set	VERB	
2	76	16	requirements	requirement	NOUN	
2	76	17	for	for	ADP	
2	76	18	,	,	PUNCT	
2	76	19	"
"	"
"	SPACE	
2	76	20	all	all	DET	
2	76	21	parts	part	NOUN	
2	76	22	of	of	ADP	
2	76	23	Lund	Lund	PROPN	
2	76	24	Univer-	Univer-	PROPN	
2	76	25	" 
"	" 
"	SPACE	
2	76	26	sity	sity	NOUN	
2	76	27	.	.	PUNCT	
2	77	1	Faculties	faculty	NOUN	
2	77	2	and	and	CCONJ	
2	77	3	other	other	ADJ	
2	77	4	organisations	organisation	NOUN	
2	77	5	within	within	ADP	
2	77	6	the	the	DET	
2	77	7	University	University	PROPN	ORG
2	77	8	develop	develop	VERB	
2	77	9	their	their	PRON	
2	77	10	"
"	"
"	SPACE	
2	77	11	specific	specific	ADJ	
2	77	12	strategies	strategy	NOUN	
2	77	13	as	as	ADV	
2	77	14	well	well	ADV	
2	77	15	" 
"	" 
"	SPACE	
2	77	16	as	as	ADP	
2	77	17	plan	plan	NOUN	
2	77	18	and	and	CCONJ	
2	77	19	run	run	VERB	
2	77	20	their	their	PRON	
2	77	21	operations	operation	NOUN	
2	77	22	based	base	VERB	
2	77	23	on	on	ADP	
2	77	24	the	the	DET	
2	77	25	strategy	strategy	NOUN	
2	77	26	for	for	ADP	
2	77	27	sustainable	sustainable	ADJ	
2	77	28	"
"	"
"	SPACE	
2	77	29	development	development	NOUN	
2	77	30	.	.	PUNCT	
2	78	1	Faculties	faculty	NOUN	
2	78	2	and	and	CCONJ	
2	78	3	" 
"	" 
"	SPACE	
2	78	4	equivalent	equivalent	ADJ	
2	78	5	organisations	organisation	NOUN	
2	78	6	draw	draw	VERB	
2	78	7	up	up	ADP	
2	78	8	their	their	PRON	
2	78	9	own	own	ADJ	
2	78	10	action	action	NOUN	
2	78	11	plans	plan	NOUN	
2	78	12	that	that	PRON	
2	78	13	outline	outline	NOUN	
2	78	14	division	division	NOUN	
2	78	15	"
"	"
"	SPACE	
2	78	16	of	of	ADP	
2	78	17	responsibilities	responsibility	NOUN	
2	78	18	,	,	PUNCT	
2	78	19	roles	role	NOUN	
2	78	20	" 
"	" 
"	SPACE	
2	78	21	and	and	CCONJ	
2	78	22	resources	resource	NOUN	
2	78	23	in	in	ADP	
2	78	24	order	order	NOUN	
2	78	25	to	to	PART	
2	78	26	realise	realise	VERB	
2	78	27	the	the	DET	
2	78	28	visions	vision	NOUN	
2	78	29	in	in	ADP	
2	78	30	the	the	DET	
2	78	31	strategy	strategy	NOUN	
2	78	32	as	as	ADV	
2	78	33	well	well	ADV	
2	78	34	as	as	ADP	
2	78	35	how	how	SCONJ	
2	78	36	"
"	"
"	SPACE	
2	78	37	these	these	DET	
2	78	38	plans	plan	NOUN	
2	78	39	are	be	AUX	
2	78	40	to	to	PART	
2	78	41	be	be	AUX	
2	78	42	fol-	fol-	ADV	
2	78	43	" 
"	" 
"	SPACE	
2	78	44	lowed	low	VERB	
2	78	45	up	up	ADP	
2	78	46	,	,	PUNCT	
2	78	47	evaluated	evaluate	VERB	
2	78	48	and	and	CCONJ	
2	78	49	,	,	PUNCT	
2	78	50	if	if	SCONJ	
2	78	51	required	require	VERB	
2	78	52	,	,	PUNCT	
2	78	53	revised	revise	VERB	
2	78	54	.	.	PUNCT	
2	79	1	As	as	ADP	
2	79	2	the	the	DET	
2	79	3	focus	focus	NOUN	
2	79	4	,	,	PUNCT	
2	79	5	conditions	condition	NOUN	
2	79	6	and	and	CCONJ	
2	79	7	"
"	"
"	SPACE	
2	79	8	organisation	organisation	NOUN	
2	79	9	of	of	ADP	
2	79	10	work	work	NOUN	
2	79	11	on	on	ADP	
2	79	12	" 
"	" 
"	SPACE	
2	79	13	sustainable	sustainable	ADJ	
2	79	14	development	development	NOUN	
2	79	15	management	management	NOUN	
2	79	16	varies	vary	VERB	
2	79	17	between	between	ADP	
2	79	18	the	the	DET	
2	79	19	University	University	PROPN	ORG
2	79	20	’s	’s	PART	
2	79	21	different	different	ADJ	
2	79	22	"
"	"
"	SPACE	
2	79	23	units	unit	NOUN	
2	79	24	,	,	PUNCT	
2	79	25	these	these	DET	
2	79	26	deter-	deter-	NOUN	
2	79	27	" 
"	" 
"	SPACE	
2	79	28	mine	mine	NOUN	
2	79	29	how	how	SCONJ	
2	79	30	the	the	DET	
2	79	31	work	work	NOUN	
2	79	32	to	to	PART	
2	79	33	achieve	achieve	VERB	
2	79	34	Lund	Lund	PROPN	ORG
2	79	35	University	University	PROPN	ORG
2	79	36	’s	’s	PART	ORG
2	79	37	shared	share	VERB	
2	79	38	vision	vision	NOUN	
2	79	39	and	and	CCONJ	
2	79	40	goals	goal	NOUN	
2	79	41	is	be	AUX	
2	79	42	to	to	PART	
2	79	43	"
"	"
"	SPACE	
2	79	44	be	be	AUX	
2	79	45	conducted	conduct	VERB	
2	79	46	and	and	CCONJ	
2	79	47	fol-	fol-	NOUN	
2	79	48	" 
"	" 
"	SPACE	
2	79	49	lowed	low	VERB	
2	79	50	up	up	ADP	
2	79	51	.	.	PUNCT	
2	80	1	Overall	overall	ADJ	
2	80	2	reporting	reporting	NOUN	
2	80	3	,	,	PUNCT	
2	80	4	with	with	ADP	
2	80	5	associated	associate	VERB	
2	80	6	evaluations	evaluation	NOUN	
2	80	7	of	of	ADP	
2	80	8	how	how	SCONJ	
2	80	9	the	the	DET	
2	80	10	strategy	strategy	NOUN	
2	80	11	"
"	"
"	SPACE	
2	80	12	is	be	AUX	
2	80	13	being	be	AUX	
2	80	14	implemented	implement	VERB	
2	80	15	,	,	PUNCT	
2	80	16	is	be	AUX	
2	80	17	" 
"	" 
"	SPACE	
2	80	18	carried	carry	VERB	
2	80	19	out	out	ADP	
2	80	20	annually	annually	ADV	DATE
2	80	21	within	within	ADP	
2	80	22	the	the	DET	
2	80	23	framework	framework	NOUN	
2	80	24	of	of	ADP	
2	80	25	the	the	DET	
2	80	26	annual	annual	ADJ	DATE
2	80	27	report	report	NOUN	
2	80	28	processes	process	VERB	
2	80	29	at	at	ADP	
2	80	30	"
"	"
"	SPACE	
2	80	31	faculty	faculty	NOUN	
2	80	32	level	level	NOUN	
2	80	33	and	and	CCONJ	
2	80	34	for	for	ADP	
2	80	35	" 
"	" 
"	SPACE	
2	80	36	Lund	Lund	PROPN	
2	80	37	University	University	PROPN	
2	80	38	as	as	ADP	
2	80	39	a	a	DET	
2	80	40	whole	whole	NOUN	
2	80	41	.	.	PUNCT	
2	81	1			PUNCT	
2	81	2	Managers	manager	NOUN	ORG
2	81	3	and	and	CCONJ	
2	81	4	management	management	NOUN	
2	81	5	groups	group	NOUN	
2	81	6	at	at	ADP	
2	81	7	all	all	DET	
2	81	8	levels	level	NOUN	
2	81	9	are	be	AUX	
2	81	10	responsible	responsible	ADJ	
2	81	11	for	for	ADP	
2	81	12	considering	consider	VERB	
2	81	13	"
"	"
"	SPACE	
2	81	14	matters	matter	NOUN	
2	81	15	" 

"	" 

"	SPACE	
2	81	16	relating	relate	VERB	
2	81	17	to	to	ADP	
2	81	18	sustainable	sustainable	ADJ	
2	81	19	development	development	NOUN	
2	81	20	in	in	ADP	
2	81	21	decision	decision	NOUN	
2	81	22	,	,	PUNCT	
2	81	23	implementation	implementation	NOUN	
2	81	24	and	and	CCONJ	
2	81	25	follow	follow	VERB	
2	81	26	up	up	ADP	
2	81	27	"
"	"
"	SPACE	
2	81	28	processes	process	NOUN	
2	81	29	.	.	PUNCT	
2	82	1			PUNCT	
2	82	2	All	all	DET	
2	82	3	employees	employee	NOUN	
2	82	4	are	be	AUX	
2	82	5	responsible	responsible	ADJ	
2	82	6	for	for	ADP	
2	82	7	their	their	PRON	
2	82	8	work	work	NOUN	
2	82	9	contributing	contribute	VERB	
2	82	10	to	to	ADP	
2	82	11	the	the	DET	
2	82	12	realisation	realisation	NOUN	
2	82	13	"
"	"
"	SPACE	
2	82	14	of	of	ADP	
2	82	15	the	the	DET	
2	82	16	strategy	strategy	NOUN	
2	82	17	’s	’s	PART	
2	82	18	inten-	inten-	NUM	
2	82	19	" 

"	" 

"	SPACE	
2	82	20	tions	tion	NOUN	
2	82	21	.	.	PUNCT	
2	83	1	Page	page	NOUN	
2	83	2	:	:	PUNCT	
2	83	3	1	1	NUM	CARDINAL
2	83	4	,	,	PUNCT	
2	83	5	2	2	NUM	DATE
2	83	6	,	,	PUNCT	
2	83	7	3	3	NUM	DATE
2	83	8	,	,	PUNCT	
2	83	9	4	4	NUM	CARDINAL
